{"v":"5.5.8","fr":25,"ip":0,"op":151,"w":1096,"h":454,"nm":"ILU04","ddd":0,"assets":[{"id":"comp_0","layers":[{"ddd":0,"ind":1,"ty":4,"nm":"Laptop","sr":1,"ks":{"o":{"a":0,"k":100,"ix":11},"r":{"a":0,"k":0,"ix":10},"p":{"a":0,"k":[800,600,0],"ix":2},"a":{"a":0,"k":[0,0,0],"ix":1},"s":{"a":0,"k":[85,85,100],"ix":6}},"ao":0,"shapes":[{"ty":"gr","it":[{"ind":0,"ty":"sh","ix":1,"ks":{"a":0,"k":{"i":[[-1.546,-7.42],[0,0],[0,0],[0,0],[17.366,0],[0,0],[0,0],[5.677,0],[0,0]],"o":[[0,0],[0,0],[0,0],[-1.978,-17.254],[0,0],[0,0],[-1.137,-5.562],[0,0],[-7.58,0]],"v":[[-584.013,201.411],[-481.441,385.379],[-76.647,385.379],[-76.647,385.379],[-110.596,355.099],[-238.218,355.099],[-333.524,196.58],[-345.231,187.024],[-572.315,187.024]],"c":true},"ix":2},"nm":"Path 1","mn":"ADBE Vector Shape - Group","hd":false},{"ty":"fl","c":{"a":0,"k":[0.011764706817,0.207843152214,0.36862745098,1],"ix":4},"o":{"a":0,"k":100,"ix":5},"r":1,"bm":0,"nm":"Fill 1","mn":"ADBE Vector Graphic - Fill","hd":false},{"ty":"tr","p":{"a":0,"k":[0,0],"ix":2},"a":{"a":0,"k":[0,0],"ix":1},"s":{"a":0,"k":[100,100],"ix":3},"r":{"a":0,"k":0,"ix":6},"o":{"a":0,"k":100,"ix":7},"sk":{"a":0,"k":0,"ix":4},"sa":{"a":0,"k":0,"ix":5},"nm":"Transform"}],"nm":"Group 1","np":2,"cix":2,"bm":0,"ix":1,"mn":"ADBE Vector Group","hd":false}],"ip":0,"op":500,"st":0,"bm":0},{"ddd":0,"ind":3,"ty":4,"nm":"woman 15","parent":19,"sr":1,"ks":{"o":{"a":0,"k":100,"ix":11},"r":{"a":0,"k":0,"ix":10},"p":{"a":0,"k":[0,0,0],"ix":2},"a":{"a":0,"k":[0,0,0],"ix":1},"s":{"a":0,"k":[100,100,100],"ix":6}},"ao":0,"shapes":[{"ty":"gr","it":[{"ind":0,"ty":"sh","ix":1,"ks":{"a":0,"k":{"i":[[0,0],[-2.336,3.504]],"o":[[3.808,1.8],[0,0]],"v":[[-211.194,-2.892],[-200.022,-5.992]],"c":false},"ix":2},"nm":"Path 1","mn":"ADBE Vector Shape - Group","hd":false},{"ty":"st","c":{"a":0,"k":[0.021776236594,0.116139933467,0.22865049541,1],"ix":3},"o":{"a":0,"k":100,"ix":4},"w":{"a":0,"k":2,"ix":5},"lc":1,"lj":1,"ml":10,"bm":0,"nm":"Stroke 1","mn":"ADBE Vector Graphic - Stroke","hd":false},{"ty":"tr","p":{"a":0,"k":[0,0],"ix":2},"a":{"a":0,"k":[0,0],"ix":1},"s":{"a":0,"k":[100,100],"ix":3},"r":{"a":0,"k":0,"ix":6},"o":{"a":0,"k":100,"ix":7},"sk":{"a":0,"k":0,"ix":4},"sa":{"a":0,"k":0,"ix":5},"nm":"Transform"}],"nm":"Group 1","np":2,"cix":2,"bm":0,"ix":1,"mn":"ADBE Vector Group","hd":false}],"ip":0,"op":500,"st":0,"bm":0},{"ddd":0,"ind":4,"ty":4,"nm":"hair","parent":19,"sr":1,"ks":{"o":{"a":0,"k":100,"ix":11},"r":{"a":0,"k":0,"ix":10},"p":{"a":0,"k":[0,0,0],"ix":2},"a":{"a":0,"k":[0,0,0],"ix":1},"s":{"a":0,"k":[100,100,100],"ix":6}},"ao":0,"shapes":[{"ty":"gr","it":[{"ind":0,"ty":"sh","ix":1,"ks":{"a":0,"k":{"i":[[10.031,2.433],[2.763,1.217],[2.283,2.041],[2.81,6.03],[-0.953,-1.351],[-4.301,-3.131],[-11.955,4.179],[6.814,2.232],[4.353,8.171],[0.01,0.02],[-14.544,1.072],[-7.274,5.006]],"o":[[-2.934,-0.712],[-2.802,-1.234],[-5.363,-4.794],[0.828,1.43],[3.065,4.342],[10.238,7.453],[-11.894,0.922],[-5.514,-1.806],[-0.011,-0.02],[8.76,12.272],[8.847,-0.652],[-4.985,10.677]],"v":[[-120.921,78.093],[-129.435,75.039],[-138.41,69.968],[-150.531,53.439],[-147.883,57.628],[-136.799,68.992],[-100.79,75.143],[-123.876,73.711],[-145.816,54.321],[-145.845,54.265],[-109.791,74.34],[-85.33,65.424]],"c":true},"ix":2},"nm":"Path 1","mn":"ADBE Vector Shape - Group","hd":false},{"ind":1,"ty":"sh","ix":2,"ks":{"a":0,"k":{"i":[[4.748,19.093],[0.71,2.353],[19.225,15.586],[25.783,2.219],[9.768,-2.618],[8.388,-2.955],[4.04,-0.111],[8.97,-26.042],[-4.374,21.595],[-1.781,13.494],[-10.841,-1.216],[-9.654,5.08],[-12.212,-2.096],[-0.025,-0.316],[0.263,-0.701],[-1.408,-10.088],[-2.936,-8.441],[-8.675,-6.021],[-10.448,1.528],[-6.646,7],[-3.273,9.081],[-0.496,2.961]],"o":[[-0.607,-2.441],[-7.08,-23.46],[-20.088,-16.285],[-10.032,-0.863],[-9.176,2.459],[-3.812,1.343],[-27.534,0.754],[-8.97,26.042],[2.702,-13.34],[9.889,4.607],[10.841,1.216],[6.859,10.319],[0.035,0.312],[-0.553,0.773],[-3.635,9.685],[0.53,7.081],[3.469,9.973],[8.675,6.021],[9.551,-1.397],[6.646,-7],[0.632,-1.753],[6.932,-18.346]],"v":[[-60.884,-22.439],[-62.859,-29.629],[-101.457,-87.792],[-172.316,-116.543],[-202.416,-114.459],[-226.796,-99.842],[-242.463,-99.175],[-294.508,-49.013],[-254.654,4.238],[-245.597,-35.156],[-214.436,-25.635],[-182.623,-30.885],[-155.829,-10.684],[-155.748,-9.739],[-157.018,-7.432],[-159.152,24.572],[-154.249,49.991],[-134.997,75.434],[-105.024,83.091],[-80.072,69.477],[-65.497,44.693],[-62.325,35.662]],"c":true},"ix":2},"nm":"Path 2","mn":"ADBE Vector Shape - Group","hd":false},{"ty":"fl","c":{"a":0,"k":[0.925490196078,0.63573811849,0.076216828589,1],"ix":4},"o":{"a":0,"k":100,"ix":5},"r":1,"bm":0,"nm":"Fill 1","mn":"ADBE Vector Graphic - Fill","hd":false},{"ty":"tr","p":{"a":0,"k":[0,0],"ix":2},"a":{"a":0,"k":[0,0],"ix":1},"s":{"a":0,"k":[100,100],"ix":3},"r":{"a":0,"k":0,"ix":6},"o":{"a":0,"k":100,"ix":7},"sk":{"a":0,"k":0,"ix":4},"sa":{"a":0,"k":0,"ix":5},"nm":"Transform"}],"nm":"Group 1","np":3,"cix":2,"bm":0,"ix":1,"mn":"ADBE Vector Group","hd":false}],"ip":0,"op":500,"st":0,"bm":0},{"ddd":0,"ind":6,"ty":4,"nm":"man 23","parent":7,"sr":1,"ks":{"o":{"a":0,"k":100,"ix":11},"r":{"a":1,"k":[{"i":{"x":[0.3],"y":[1]},"o":{"x":[0.333],"y":[0]},"t":25,"s":[-92.628]},{"i":{"x":[0.667],"y":[1]},"o":{"x":[0.865],"y":[0]},"t":33.333,"s":[-70.628]},{"i":{"x":[0.667],"y":[1]},"o":{"x":[0.527],"y":[0.307]},"t":41.667,"s":[-92.628]},{"i":{"x":[0.455],"y":[1]},"o":{"x":[0.566],"y":[0]},"t":56.25,"s":[-92.628]},{"i":{"x":[0.667],"y":[1]},"o":{"x":[0.333],"y":[0]},"t":75,"s":[-92.628]},{"i":{"x":[0.667],"y":[1]},"o":{"x":[0.817],"y":[0]},"t":80.417,"s":[-70.628]},{"i":{"x":[0.667],"y":[1]},"o":{"x":[0.333],"y":[0]},"t":85.833,"s":[-92.628]},{"i":{"x":[0.667],"y":[1]},"o":{"x":[0.714],"y":[-0.007]},"t":91.25,"s":[-70.628]},{"i":{"x":[0.667],"y":[1]},"o":{"x":[0.333],"y":[0]},"t":96.667,"s":[-92.628]},{"i":{"x":[0.667],"y":[1]},"o":{"x":[0.333],"y":[0]},"t":112.083,"s":[-92.628]},{"i":{"x":[0.667],"y":[1]},"o":{"x":[0.738],"y":[-0.007]},"t":117.5,"s":[-70.628]},{"i":{"x":[0.667],"y":[1]},"o":{"x":[0.333],"y":[0]},"t":122.917,"s":[-92.628]},{"i":{"x":[0.667],"y":[1]},"o":{"x":[0.927],"y":[-0.009]},"t":128.333,"s":[-70.628]},{"t":133.75,"s":[-92.628]}],"ix":10},"p":{"a":0,"k":[5.576,-9.298,0],"ix":2},"a":{"a":0,"k":[212.941,11.765,0],"ix":1},"s":{"a":0,"k":[85,85,100],"ix":6}},"ao":0,"shapes":[{"ty":"gr","it":[{"ind":0,"ty":"sh","ix":1,"ks":{"a":1,"k":[{"i":{"x":0.3,"y":1},"o":{"x":0.333,"y":0},"t":25,"s":[{"i":[[9.363,-8.728],[0.986,-2.772],[11.094,-10.522],[-5.593,2.266],[-6.352,7.114],[-0.625,-2.166],[-1.027,-2.007],[-5.474,0.073],[-3.343,-1.025],[-1.518,2.903],[4.148,6.711],[5.453,2.877]],"o":[[-2.152,2.006],[-5.126,14.409],[2.078,5.665],[5.593,-2.266],[2.246,-0.198],[0.625,2.166],[2.494,4.873],[2.701,-0.036],[3.64,1.116],[3.11,-5.948],[-3.447,-5.576],[-8.312,-4.386]],"v":[[164.743,-29.619],[160.012,-22.296],[135.206,15.788],[147.808,19.933],[161.16,7.735],[165.777,11.919],[167.418,18.457],[182.12,23.446],[192.037,24.797],[214.808,14.849],[217.558,-11.317],[193.602,-25.649]],"c":true}]},{"i":{"x":0.667,"y":1},"o":{"x":0.865,"y":0},"t":33.333,"s":[{"i":[[9.363,-8.728],[2.027,-2.132],[13.022,-7.839],[-5.593,2.266],[-8.373,7.078],[-0.625,-2.166],[-1.027,-2.007],[-5.474,0.073],[-3.343,-1.025],[-1.518,2.903],[4.148,6.711],[5.453,2.877]],"o":[[-2.152,2.006],[-12.36,12.999],[2.078,5.665],[5.593,-2.266],[-3.827,7.739],[0.625,2.166],[2.494,4.873],[2.701,-0.036],[3.64,1.116],[3.11,-5.948],[-3.447,-5.576],[-8.312,-4.386]],"v":[[164.743,-29.619],[160.012,-22.296],[126.688,1.345],[138.111,8.63],[163.797,-5.961],[165.777,11.919],[167.418,18.457],[182.12,23.446],[192.037,24.797],[214.808,14.849],[217.558,-11.317],[193.602,-25.649]],"c":true}]},{"i":{"x":0.833,"y":0.833},"o":{"x":0.527,"y":0.527},"t":41.667,"s":[{"i":[[9.363,-8.728],[0.986,-2.772],[11.094,-10.522],[-5.593,2.266],[-6.352,7.114],[-0.625,-2.166],[-1.027,-2.007],[-5.474,0.073],[-3.343,-1.025],[-1.518,2.903],[4.148,6.711],[5.453,2.877]],"o":[[-2.152,2.006],[-5.126,14.409],[2.078,5.665],[5.593,-2.266],[2.246,-0.198],[0.625,2.166],[2.494,4.873],[2.701,-0.036],[3.64,1.116],[3.11,-5.948],[-3.447,-5.576],[-8.312,-4.386]],"v":[[164.743,-29.619],[160.012,-22.296],[135.206,15.788],[147.808,19.933],[161.16,7.735],[165.777,11.919],[167.418,18.457],[182.12,23.446],[192.037,24.797],[214.808,14.849],[217.558,-11.317],[193.602,-25.649]],"c":true}]},{"i":{"x":0.455,"y":1},"o":{"x":0.4,"y":0.4},"t":56.25,"s":[{"i":[[9.363,-8.728],[0.986,-2.772],[11.094,-10.522],[-5.593,2.266],[-6.352,7.114],[-0.625,-2.166],[-1.027,-2.007],[-5.474,0.073],[-3.343,-1.025],[-1.518,2.903],[4.148,6.711],[5.453,2.877]],"o":[[-2.152,2.006],[-5.126,14.409],[2.078,5.665],[5.593,-2.266],[2.246,-0.198],[0.625,2.166],[2.494,4.873],[2.701,-0.036],[3.64,1.116],[3.11,-5.948],[-3.447,-5.576],[-8.312,-4.386]],"v":[[164.743,-29.619],[160.012,-22.296],[135.206,15.788],[147.808,19.933],[161.16,7.735],[165.777,11.919],[167.418,18.457],[182.12,23.446],[192.037,24.797],[214.808,14.849],[217.558,-11.317],[193.602,-25.649]],"c":true}]},{"i":{"x":0.667,"y":1},"o":{"x":0.333,"y":0},"t":75,"s":[{"i":[[9.363,-8.728],[0.986,-2.772],[11.094,-10.522],[-5.593,2.266],[-6.352,7.114],[-0.625,-2.166],[-1.027,-2.007],[-5.474,0.073],[-3.343,-1.025],[-1.518,2.903],[4.148,6.711],[5.453,2.877]],"o":[[-2.152,2.006],[-5.126,14.409],[2.078,5.665],[5.593,-2.266],[2.246,-0.198],[0.625,2.166],[2.494,4.873],[2.701,-0.036],[3.64,1.116],[3.11,-5.948],[-3.447,-5.576],[-8.312,-4.386]],"v":[[164.743,-29.619],[160.012,-22.296],[135.206,15.788],[147.808,19.933],[161.16,7.735],[165.777,11.919],[167.418,18.457],[182.12,23.446],[192.037,24.797],[214.808,14.849],[217.558,-11.317],[193.602,-25.649]],"c":true}]},{"i":{"x":0.455,"y":1},"o":{"x":0.817,"y":0},"t":80.417,"s":[{"i":[[9.363,-8.728],[2.027,-2.132],[13.022,-7.839],[-5.593,2.266],[-8.373,7.078],[-0.625,-2.166],[-1.027,-2.007],[-5.474,0.073],[-3.343,-1.025],[-1.518,2.903],[4.148,6.711],[5.453,2.877]],"o":[[-2.152,2.006],[-12.36,12.999],[2.078,5.665],[5.593,-2.266],[-3.827,7.739],[0.625,2.166],[2.494,4.873],[2.701,-0.036],[3.64,1.116],[3.11,-5.948],[-3.447,-5.576],[-8.312,-4.386]],"v":[[164.743,-29.619],[160.012,-22.296],[126.688,1.345],[138.111,8.63],[163.797,-5.961],[165.777,11.919],[167.418,18.457],[182.12,23.446],[192.037,24.797],[214.808,14.849],[217.558,-11.317],[193.602,-25.649]],"c":true}]},{"i":{"x":0.667,"y":1},"o":{"x":0.333,"y":0},"t":85.833,"s":[{"i":[[9.363,-8.728],[0.986,-2.772],[11.094,-10.522],[-5.593,2.266],[-6.352,7.114],[-0.625,-2.166],[-1.027,-2.007],[-5.474,0.073],[-3.343,-1.025],[-1.518,2.903],[4.148,6.711],[5.453,2.877]],"o":[[-2.152,2.006],[-5.126,14.409],[2.078,5.665],[5.593,-2.266],[2.246,-0.198],[0.625,2.166],[2.494,4.873],[2.701,-0.036],[3.64,1.116],[3.11,-5.948],[-3.447,-5.576],[-8.312,-4.386]],"v":[[164.743,-29.619],[160.012,-22.296],[135.206,15.788],[147.808,19.933],[161.16,7.735],[165.777,11.919],[167.418,18.457],[182.12,23.446],[192.037,24.797],[214.808,14.849],[217.558,-11.317],[193.602,-25.649]],"c":true}]},{"i":{"x":0.667,"y":1},"o":{"x":0.817,"y":0},"t":91.25,"s":[{"i":[[9.363,-8.728],[2.027,-2.132],[13.022,-7.839],[-5.593,2.266],[-8.373,7.078],[-0.625,-2.166],[-1.027,-2.007],[-5.474,0.073],[-3.343,-1.025],[-1.518,2.903],[4.148,6.711],[5.453,2.877]],"o":[[-2.152,2.006],[-12.36,12.999],[2.078,5.665],[5.593,-2.266],[-3.827,7.739],[0.625,2.166],[2.494,4.873],[2.701,-0.036],[3.64,1.116],[3.11,-5.948],[-3.447,-5.576],[-8.312,-4.386]],"v":[[164.743,-29.619],[160.012,-22.296],[126.688,1.345],[138.111,8.63],[163.797,-5.961],[165.777,11.919],[167.418,18.457],[182.12,23.446],[192.037,24.797],[214.808,14.849],[217.558,-11.317],[193.602,-25.649]],"c":true}]},{"i":{"x":0.455,"y":1},"o":{"x":0.333,"y":0},"t":96.667,"s":[{"i":[[9.363,-8.728],[0.986,-2.772],[11.094,-10.522],[-5.593,2.266],[-6.352,7.114],[-0.625,-2.166],[-1.027,-2.007],[-5.474,0.073],[-3.343,-1.025],[-1.518,2.903],[4.148,6.711],[5.453,2.877]],"o":[[-2.152,2.006],[-5.126,14.409],[2.078,5.665],[5.593,-2.266],[2.246,-0.198],[0.625,2.166],[2.494,4.873],[2.701,-0.036],[3.64,1.116],[3.11,-5.948],[-3.447,-5.576],[-8.312,-4.386]],"v":[[164.743,-29.619],[160.012,-22.296],[135.206,15.788],[147.808,19.933],[161.16,7.735],[165.777,11.919],[167.418,18.457],[182.12,23.446],[192.037,24.797],[214.808,14.849],[217.558,-11.317],[193.602,-25.649]],"c":true}]},{"i":{"x":0.667,"y":1},"o":{"x":0.333,"y":0},"t":112.083,"s":[{"i":[[9.363,-8.728],[0.986,-2.772],[11.094,-10.522],[-5.593,2.266],[-6.352,7.114],[-0.625,-2.166],[-1.027,-2.007],[-5.474,0.073],[-3.343,-1.025],[-1.518,2.903],[4.148,6.711],[5.453,2.877]],"o":[[-2.152,2.006],[-5.126,14.409],[2.078,5.665],[5.593,-2.266],[2.246,-0.198],[0.625,2.166],[2.494,4.873],[2.701,-0.036],[3.64,1.116],[3.11,-5.948],[-3.447,-5.576],[-8.312,-4.386]],"v":[[164.743,-29.619],[160.012,-22.296],[135.206,15.788],[147.808,19.933],[161.16,7.735],[165.777,11.919],[167.418,18.457],[182.12,23.446],[192.037,24.797],[214.808,14.849],[217.558,-11.317],[193.602,-25.649]],"c":true}]},{"i":{"x":0.455,"y":1},"o":{"x":0.817,"y":0},"t":117.5,"s":[{"i":[[9.363,-8.728],[2.027,-2.132],[13.022,-7.839],[-5.593,2.266],[-8.373,7.078],[-0.625,-2.166],[-1.027,-2.007],[-5.474,0.073],[-3.343,-1.025],[-1.518,2.903],[4.148,6.711],[5.453,2.877]],"o":[[-2.152,2.006],[-12.36,12.999],[2.078,5.665],[5.593,-2.266],[-3.827,7.739],[0.625,2.166],[2.494,4.873],[2.701,-0.036],[3.64,1.116],[3.11,-5.948],[-3.447,-5.576],[-8.312,-4.386]],"v":[[164.743,-29.619],[160.012,-22.296],[126.688,1.345],[138.111,8.63],[163.797,-5.961],[165.777,11.919],[167.418,18.457],[182.12,23.446],[192.037,24.797],[214.808,14.849],[217.558,-11.317],[193.602,-25.649]],"c":true}]},{"i":{"x":0.667,"y":1},"o":{"x":0.333,"y":0},"t":122.917,"s":[{"i":[[9.363,-8.728],[0.986,-2.772],[11.094,-10.522],[-5.593,2.266],[-6.352,7.114],[-0.625,-2.166],[-1.027,-2.007],[-5.474,0.073],[-3.343,-1.025],[-1.518,2.903],[4.148,6.711],[5.453,2.877]],"o":[[-2.152,2.006],[-5.126,14.409],[2.078,5.665],[5.593,-2.266],[2.246,-0.198],[0.625,2.166],[2.494,4.873],[2.701,-0.036],[3.64,1.116],[3.11,-5.948],[-3.447,-5.576],[-8.312,-4.386]],"v":[[164.743,-29.619],[160.012,-22.296],[135.206,15.788],[147.808,19.933],[161.16,7.735],[165.777,11.919],[167.418,18.457],[182.12,23.446],[192.037,24.797],[214.808,14.849],[217.558,-11.317],[193.602,-25.649]],"c":true}]},{"i":{"x":0.667,"y":1},"o":{"x":0.817,"y":0},"t":128.333,"s":[{"i":[[9.363,-8.728],[2.027,-2.132],[13.022,-7.839],[-5.593,2.266],[-8.373,7.078],[-0.625,-2.166],[-1.027,-2.007],[-5.474,0.073],[-3.343,-1.025],[-1.518,2.903],[4.148,6.711],[5.453,2.877]],"o":[[-2.152,2.006],[-12.36,12.999],[2.078,5.665],[5.593,-2.266],[-3.827,7.739],[0.625,2.166],[2.494,4.873],[2.701,-0.036],[3.64,1.116],[3.11,-5.948],[-3.447,-5.576],[-8.312,-4.386]],"v":[[164.743,-29.619],[160.012,-22.296],[126.688,1.345],[138.111,8.63],[163.797,-5.961],[165.777,11.919],[167.418,18.457],[182.12,23.446],[192.037,24.797],[214.808,14.849],[217.558,-11.317],[193.602,-25.649]],"c":true}]},{"t":133.75,"s":[{"i":[[9.363,-8.728],[0.986,-2.772],[11.094,-10.522],[-5.593,2.266],[-6.352,7.114],[-0.625,-2.166],[-1.027,-2.007],[-5.474,0.073],[-3.343,-1.025],[-1.518,2.903],[4.148,6.711],[5.453,2.877]],"o":[[-2.152,2.006],[-5.126,14.409],[2.078,5.665],[5.593,-2.266],[2.246,-0.198],[0.625,2.166],[2.494,4.873],[2.701,-0.036],[3.64,1.116],[3.11,-5.948],[-3.447,-5.576],[-8.312,-4.386]],"v":[[164.743,-29.619],[160.012,-22.296],[135.206,15.788],[147.808,19.933],[161.16,7.735],[165.777,11.919],[167.418,18.457],[182.12,23.446],[192.037,24.797],[214.808,14.849],[217.558,-11.317],[193.602,-25.649]],"c":true}]}],"ix":2},"nm":"Path 1","mn":"ADBE Vector Shape - Group","hd":false},{"ty":"fl","c":{"a":0,"k":[0.952941236309,0.894117706897,0.819607902976,1],"ix":4},"o":{"a":0,"k":100,"ix":5},"r":1,"bm":0,"nm":"Fill 1","mn":"ADBE Vector Graphic - Fill","hd":false},{"ty":"tr","p":{"a":0,"k":[0,0],"ix":2},"a":{"a":0,"k":[0,0],"ix":1},"s":{"a":0,"k":[100,100],"ix":3},"r":{"a":0,"k":0,"ix":6},"o":{"a":0,"k":100,"ix":7},"sk":{"a":0,"k":0,"ix":4},"sa":{"a":0,"k":0,"ix":5},"nm":"Transform"}],"nm":"Group 1","np":2,"cix":2,"bm":0,"ix":1,"mn":"ADBE Vector Group","hd":false}],"ip":0,"op":500,"st":0,"bm":0},{"ddd":0,"ind":7,"ty":4,"nm":"Hose 1::Wrist","hd":true,"sr":1,"ks":{"o":{"a":0,"k":100,"ix":11},"r":{"a":0,"k":0,"ix":10,"x":"var $bm_rt;\nfunction parentTotal() {\n    var parentVal = 0;\n    var layerChain = 'thisLayer';\n    while (eval([layerChain][0]).hasParent) {\n        layerChain = $bm_sum(layerChain, '.parent');\n        parentVal = $bm_sum(parentVal, eval([layerChain][0]).rotation);\n    }\n    return parentVal;\n}\ntry {\n    var eff = thisLayer(4)('RubberHose 2');\n    var autoRotate = eff('Auto Rotate End');\n    if (autoRotate == 1) {\n        var a = thisComp.layer(thisLayer(2)('Admin')(2)('A')(2)(1)._name).toComp([\n                0,\n                0,\n                0\n            ]);\n        var b = thisComp.layer(thisLayer(2)('Admin')(2)('B')(2)(1)._name).toComp([\n                0,\n                0,\n                0\n            ]);\n        var s = length(a, b);\n        var sFac = eff('Parent Scale');\n        var realism = eff('Realism');\n        var bendDir = $bm_div(eff('Bend Direction'), 100);\n        var hoseLength = $bm_div(eff('Hose Length'), 2);\n        var bendRad = eff('Bend Radius');\n        var autoFlop = eff('AutoFlop');\n        var baseRot = $bm_sub(180, radiansToDegrees(Math.atan2($bm_sub(b[0], a[0]), $bm_sub(b[1], a[1]))));\n        var outerRad = $bm_mul(Math.sin(0.78539816339), s);\n        var straight = $bm_div($bm_mul(1.4142135623731, outerRad), 2);\n        straight /= Math.max(Math.abs(sFac), 0.001);\n        var roundShrink = linear(Math.abs(bendRad), 0, 100, 1, 0.87);\n        var innerRad;\n        if (hoseLength > straight) {\n            innerRad = $bm_sum(straight, $bm_mul(Math.sqrt($bm_sub(Math.pow(hoseLength, 2), Math.pow(straight, 2))), roundShrink));\n            innerRad = linear(realism, 0, 100, hoseLength, innerRad);\n            innerRad = linear(Math.abs(bendDir), straight, innerRad);\n        } else {\n            innerRad = straight;\n        }\n        innerRad = linear(Math.abs(autoFlop), straight, innerRad);\n        var flopDir = 1;\n        if (bendDir < 0) {\n            flopDir = -1;\n        }\n        flopDir *= autoFlop;\n        var opp = $bm_mul($bm_sub(innerRad, straight), flopDir);\n        var theta = Math.atan($bm_div(opp, Math.max(straight, 0.001)));\n        var bendAngle = radiansToDegrees(theta);\n        if (sFac < 0) {\n            baseRot *= -1;\n        }\n        bendRad *= $bm_div($bm_div(theta, $bm_neg(Math.PI)), linear(s, hoseLength, 0, 2, 0.9));\n        var parentRot = hasParent ? parentTotal() : 0;\n        var rotCalc = $bm_sub($bm_sub($bm_sum(baseRot, bendAngle), bendRad), parentRot);\n        $bm_rt = $bm_sum(rotCalc, value);\n    } else {\n        $bm_rt = value;\n    }\n} catch (e) {\n    $bm_rt = value;\n}"},"p":{"a":1,"k":[{"i":{"x":0.3,"y":1},"o":{"x":0.333,"y":0},"t":25,"s":[656,897,0],"to":[0,-8.333,0],"ti":[0,0,0]},{"i":{"x":0.667,"y":1},"o":{"x":0.865,"y":0},"t":33.333,"s":[656,847,0],"to":[0,0,0],"ti":[0,-8.333,0]},{"i":{"x":0.667,"y":1},"o":{"x":0.527,"y":0.015},"t":41.667,"s":[656,897,0],"to":[0,0,0],"ti":[0,0,0]},{"i":{"x":0.455,"y":1},"o":{"x":0.566,"y":0},"t":56.25,"s":[636,897,0],"to":[0,0,0],"ti":[0,0,0]},{"i":{"x":0.667,"y":1},"o":{"x":0.333,"y":0},"t":75,"s":[656,897,0],"to":[0,-1.667,0],"ti":[0,0,0]},{"i":{"x":0.667,"y":1},"o":{"x":0.837,"y":0},"t":80.625,"s":[656,887,0],"to":[0,0,0],"ti":[0,0,0]},{"i":{"x":0.667,"y":1},"o":{"x":0.333,"y":0},"t":85.833,"s":[656,897,0],"to":[0,0,0],"ti":[0,0,0]},{"i":{"x":0.667,"y":1},"o":{"x":0.714,"y":0.015},"t":91.25,"s":[656,887,0],"to":[0,0,0],"ti":[-1.667,-1.667,0]},{"i":{"x":0.667,"y":1},"o":{"x":0.333,"y":0},"t":96.667,"s":[656,897,0],"to":[1.667,1.667,0],"ti":[-1.667,3.333,0]},{"i":{"x":0.667,"y":1},"o":{"x":0.333,"y":0},"t":112.083,"s":[666,897,0],"to":[1.667,-3.333,0],"ti":[0,0,0]},{"i":{"x":0.667,"y":1},"o":{"x":0.738,"y":0.008},"t":117.5,"s":[666,877,0],"to":[0,0,0],"ti":[0,-1.667,0]},{"i":{"x":0.667,"y":1},"o":{"x":0.333,"y":0},"t":122.917,"s":[666,897,0],"to":[0,1.667,0],"ti":[0,0,0]},{"i":{"x":0.667,"y":1},"o":{"x":0.927,"y":0.02},"t":128.333,"s":[666,887,0],"to":[0,0,0],"ti":[1.667,-1.667,0]},{"i":{"x":0.667,"y":1},"o":{"x":0.333,"y":0},"t":133.75,"s":[666,897,0],"to":[-1.667,1.667,0],"ti":[1.667,0,0]},{"t":150,"s":[656,897,0]}],"ix":2},"a":{"a":0,"k":[0,0,0],"ix":1},"s":{"a":0,"k":[100,100],"ix":6}},"ao":0,"ef":[{"ty":5,"nm":"RubberHose 2","np":18,"mn":"Pseudo/3bf5uID/RubberHose_2","ix":1,"en":1,"ef":[{"ty":0,"nm":"Hose Length","mn":"Pseudo/3bf5uID/RubberHose_2-0001","ix":1,"v":{"a":0,"k":530,"ix":1}},{"ty":0,"nm":"Bend Radius","mn":"Pseudo/3bf5uID/RubberHose_2-0002","ix":2,"v":{"a":0,"k":0,"ix":2}},{"ty":0,"nm":"Realism","mn":"Pseudo/3bf5uID/RubberHose_2-0003","ix":3,"v":{"a":0,"k":0,"ix":3}},{"ty":0,"nm":"Bend Direction","mn":"Pseudo/3bf5uID/RubberHose_2-0004","ix":4,"v":{"a":0,"k":100,"ix":4}},{"ty":7,"nm":"Auto Rotate Start","mn":"Pseudo/3bf5uID/RubberHose_2-0005","ix":5,"v":{"a":0,"k":1,"ix":5}},{"ty":7,"nm":"Auto Rotate End","mn":"Pseudo/3bf5uID/RubberHose_2-0006","ix":6,"v":{"a":0,"k":1,"ix":6}},{"ty":6,"nm":"Math Stuff","mn":"Pseudo/3bf5uID/RubberHose_2-0007","ix":7,"v":0},{"ty":3,"nm":"A","mn":"Pseudo/3bf5uID/RubberHose_2-0008","ix":8,"v":{"a":0,"k":[0,0],"ix":8,"x":"var $bm_rt;\n$bm_rt = thisLayer.toComp([\n    0,\n    0,\n    0\n]);"}},{"ty":3,"nm":"B","mn":"Pseudo/3bf5uID/RubberHose_2-0009","ix":9,"v":{"a":0,"k":[0,0],"ix":9,"x":"var $bm_rt;\ntry {\n    var b = thisLayer(2)('Admin')(2)('B')(2)(1)._name;\n    $bm_rt = thisComp.layer(b).toComp([\n        0,\n        0,\n        0\n    ]);\n} catch (err) {\n    $bm_rt = value;\n}"}},{"ty":0,"nm":"Outer Radius","mn":"Pseudo/3bf5uID/RubberHose_2-0010","ix":10,"v":{"a":0,"k":0,"ix":10,"x":"var $bm_rt;\nvar a = thisLayer(4)('RubberHose 2')('A');\nvar b = thisLayer(4)('RubberHose 2')('B');\nvar s = length(a, b);\n$bm_rt = $bm_mul(Math.sin(0.78539816339), s);"}},{"ty":0,"nm":"Inner Radius","mn":"Pseudo/3bf5uID/RubberHose_2-0011","ix":11,"v":{"a":0,"k":0,"ix":11,"x":"var $bm_rt;\nvar eff = thisLayer(4)('RubberHose 2');\nvar bendRad = eff('Bend Radius');\nvar hoseLength = $bm_div(eff('Hose Length'), 2);\nvar realism = eff('Realism');\nvar bendDir = $bm_div(eff('Bend Direction'), 100);\nvar sFac = eff('Parent Scale');\nvar straight = eff('Straight');\nvar autoFlop = eff('AutoFlop');\nvar roundShrink = linear(Math.abs(bendRad), 0, 100, 1, 0.87);\nvar innerRad;\nif (hoseLength > straight) {\n    innerRad = $bm_sum(straight, $bm_mul(Math.sqrt($bm_sub(Math.pow(hoseLength, 2), Math.pow(straight, 2))), roundShrink));\n    innerRad = linear(realism, 0, 100, hoseLength, innerRad);\n    innerRad = linear(Math.abs(bendDir), straight, innerRad);\n} else {\n    innerRad = straight;\n}\ninnerRad *= Math.abs(sFac);\ninnerRad = linear(Math.abs(autoFlop), $bm_mul(straight, Math.max(Math.abs(sFac), 0.001)), innerRad);\n$bm_rt = innerRad;"}},{"ty":0,"nm":"Straight","mn":"Pseudo/3bf5uID/RubberHose_2-0012","ix":12,"v":{"a":0,"k":0,"ix":12,"x":"var $bm_rt;\nvar sFac = thisLayer(4)('RubberHose 2')('Parent Scale');\nvar outerRad = $bm_div(thisLayer(4)('RubberHose 2')('Outer Radius'), Math.max(Math.abs(sFac), 0.001));\n;\n$bm_rt = $bm_div($bm_mul(1.4142135623731, outerRad), 2);"}},{"ty":0,"nm":"Base Rotation","mn":"Pseudo/3bf5uID/RubberHose_2-0013","ix":13,"v":{"a":0,"k":0,"ix":13,"x":"var $bm_rt;\nvar a = thisLayer(4)('RubberHose 2')('A');\nvar b = thisLayer(4)('RubberHose 2')('B');\n$bm_rt = radiansToDegrees(Math.atan2($bm_sub(a[1], b[1]), $bm_sub(a[0], b[0])));"}},{"ty":0,"nm":"AutoFlop","mn":"Pseudo/3bf5uID/RubberHose_2-0014","ix":14,"v":{"a":0,"k":0,"ix":14,"x":"var $bm_rt;\nvar hasAF = false, isEnabled = false, output;\ntry {\n    var lyrAF = thisComp.layer($bm_sum(thisLayer._name.split('::')[0], '::AutoFlop'));\n    isEnabled = lyrAF(4)('Enable')(1);\n    var falloffAngle = lyrAF(4)('Falloff')(1);\n    hasAF = true;\n    var a = thisLayer.toComp([\n            0,\n            0,\n            0\n        ]);\n    var b = thisComp.layer(thisLayer(2)('Admin')(2)('B')(2)(1)._name).toComp([\n            0,\n            0,\n            0\n        ]);\n} catch (e) {\n}\nif (hasAF && isEnabled == 1) {\n    var threshRot = lyrAF('ADBE Transform Group')('ADBE Rotate Z');\n    threshRot %= 360;\n    var ctrlAngle = $bm_neg(radiansToDegrees(Math.atan2($bm_sub(b[0], a[0]), $bm_sub(b[1], a[1]))));\n    var offsetAngle = $bm_sub(threshRot, ctrlAngle);\n    offsetAngle %= 360;\n    var sign = offsetAngle > 0 && offsetAngle < 180 || offsetAngle < -180 ? -1 : 1;\n    var absAngle = Math.abs(offsetAngle);\n    if (absAngle > 90) {\n        absAngle = Math.abs($bm_sub(absAngle, 180));\n    }\n    if (absAngle > 90) {\n        absAngle = Math.abs($bm_sub(absAngle, 180));\n    }\n    output = linear(absAngle, 0, falloffAngle, 0, 1);\n    output *= sign;\n} else {\n    output = 1;\n}\n$bm_rt = output;"}},{"ty":0,"nm":"Parent Scale","mn":"Pseudo/3bf5uID/RubberHose_2-0015","ix":15,"v":{"a":0,"k":0,"ix":15,"x":"var $bm_rt;\nvar sFactor = 1;\nvar scaleNorm = 0;\nvar layerChain = 'thisLayer';\nwhile (eval([layerChain][0]).hasParent) {\n    layerChain = $bm_sum(layerChain, '.parent');\n    scaleNorm = $bm_div(eval(layerChain)('ADBE Transform Group')('ADBE Scale')[0], 100);\n    sFactor = $bm_mul(sFactor, scaleNorm);\n}\n$bm_rt = sFactor;"}},{"ty":6,"nm":"","mn":"Pseudo/3bf5uID/RubberHose_2-0016","ix":16,"v":0}]}],"shapes":[{"ty":"gr","it":[{"ty":"gr","it":[{"d":1,"ty":"el","s":{"a":0,"k":[100,100],"ix":2},"p":{"a":0,"k":[0,0],"ix":3},"nm":"Circle","mn":"ADBE Vector Shape - Ellipse","hd":false},{"ind":1,"ty":"sh","ix":2,"ks":{"a":0,"k":{"i":[[0,0],[0,0],[0,0]],"o":[[0,0],[0,0],[0,0]],"v":[[-75,0],[10.989,0],[75,0]],"c":false},"ix":2},"nm":"01","mn":"ADBE Vector Shape - Group","hd":false},{"ind":2,"ty":"sh","ix":3,"ks":{"a":0,"k":{"i":[[0,0],[0,0]],"o":[[0,0],[0,0]],"v":[[0,-30],[0,30]],"c":false},"ix":2},"nm":"02","mn":"ADBE Vector Shape - Group","hd":false},{"ty":"tr","p":{"a":0,"k":[0,0],"ix":2},"a":{"a":0,"k":[0,0],"ix":1},"s":{"a":0,"k":[30,30],"ix":3},"r":{"a":0,"k":0,"ix":6},"o":{"a":0,"k":100,"ix":7},"sk":{"a":0,"k":0,"ix":4},"sa":{"a":0,"k":0,"ix":5},"nm":"Transform"}],"nm":"ControlShape","np":3,"cix":2,"bm":0,"ix":1,"mn":"ADBE Vector Group","hd":false},{"ty":"st","c":{"a":0,"k":[1,0.560000002384,0,1],"ix":3,"x":"var $bm_rt;\nif (thisLayer.active) {\n    try {\n        var eff = thisLayer(4)('RubberHose 2');\n        var a = thisLayer.toComp([\n                0,\n                0,\n                0\n            ]);\n        var b = eff('B');\n        var straight = eff('Straight');\n        var hoseLength = $bm_div(eff('Hose Length'), 2);\n        if (straight > hoseLength) {\n            $bm_rt = [\n                0.51,\n                0.83,\n                0.98,\n                1\n            ];\n        } else {\n            $bm_rt = value;\n        }\n    } catch (err) {\n        $bm_rt = value;\n    }\n} else {\n    $bm_rt = value;\n}"},"o":{"a":0,"k":100,"ix":4},"w":{"a":0,"k":2,"ix":5},"lc":1,"lj":1,"ml":4,"bm":0,"nm":"Stroke 1","mn":"ADBE Vector Graphic - Stroke","hd":false},{"ty":"tr","p":{"a":0,"k":[0,0],"ix":2},"a":{"a":0,"k":[0,0],"ix":1},"s":{"a":0,"k":[100,100],"ix":3},"r":{"a":0,"k":0,"ix":6},"o":{"a":0,"k":100,"ix":7},"sk":{"a":0,"k":0,"ix":4},"sa":{"a":0,"k":0,"ix":5},"nm":"Transform"}],"nm":"Control Point","np":2,"cix":2,"bm":0,"ix":1,"mn":"ADBE Vector Group","hd":false},{"ty":"gr","it":[{"ty":"gr","it":[{"ty":"gr","it":[{"ty":"tr","p":{"a":0,"k":[0,0],"ix":2},"a":{"a":0,"k":[0,0],"ix":1},"s":{"a":0,"k":[100,100],"ix":3},"r":{"a":0,"k":0,"ix":6},"o":{"a":0,"k":100,"ix":7},"sk":{"a":0,"k":0,"ix":4},"sa":{"a":0,"k":0,"ix":5},"nm":"Transform"}],"nm":"Hose 1::Wrist","np":0,"cix":2,"bm":0,"ix":1,"mn":"ADBE Vector Group","hd":false},{"ty":"tr","p":{"a":0,"k":[0,0],"ix":2},"a":{"a":0,"k":[135,0],"ix":1},"s":{"a":0,"k":[100,100],"ix":3},"r":{"a":0,"k":0,"ix":6},"o":{"a":0,"k":100,"ix":7},"sk":{"a":0,"k":0,"ix":4},"sa":{"a":0,"k":0,"ix":5},"nm":"Transform"}],"nm":"A","np":1,"cix":2,"bm":0,"ix":1,"mn":"ADBE Vector Group","hd":false},{"ty":"gr","it":[{"ty":"gr","it":[{"ty":"tr","p":{"a":0,"k":[0,0],"ix":2},"a":{"a":0,"k":[20,20],"ix":1},"s":{"a":0,"k":[100,100],"ix":3},"r":{"a":0,"k":0,"ix":6},"o":{"a":0,"k":100,"ix":7},"sk":{"a":0,"k":0,"ix":4},"sa":{"a":0,"k":0,"ix":5},"nm":"Transform"}],"nm":"Hose 1::Shoulder","np":0,"cix":2,"bm":0,"ix":1,"mn":"ADBE Vector Group","hd":false},{"ty":"tr","p":{"a":0,"k":[0,0],"ix":2},"a":{"a":0,"k":[0,0],"ix":1},"s":{"a":0,"k":[100,100],"ix":3},"r":{"a":0,"k":0,"ix":6},"o":{"a":0,"k":100,"ix":7},"sk":{"a":0,"k":0,"ix":4},"sa":{"a":0,"k":0,"ix":5},"nm":"Transform"}],"nm":"B","np":1,"cix":2,"bm":0,"ix":2,"mn":"ADBE Vector Group","hd":false},{"ty":"gr","it":[{"ty":"gr","it":[{"ty":"tr","p":{"a":0,"k":[0,0],"ix":2},"a":{"a":0,"k":[0,0],"ix":1},"s":{"a":0,"k":[100,100],"ix":3},"r":{"a":0,"k":0,"ix":6},"o":{"a":0,"k":100,"ix":7},"sk":{"a":0,"k":0,"ix":4},"sa":{"a":0,"k":0,"ix":5},"nm":"Transform"}],"nm":"2.09","np":0,"cix":2,"bm":0,"ix":1,"mn":"ADBE Vector Group","hd":false,"cl":"09"},{"ty":"tr","p":{"a":0,"k":[0,0],"ix":2},"a":{"a":0,"k":[0,0],"ix":1},"s":{"a":0,"k":[100,100],"ix":3},"r":{"a":0,"k":0,"ix":6},"o":{"a":0,"k":100,"ix":7},"sk":{"a":0,"k":0,"ix":4},"sa":{"a":0,"k":0,"ix":5},"nm":"Transform"}],"nm":"Version","np":1,"cix":2,"bm":0,"ix":3,"mn":"ADBE Vector Group","hd":false},{"ty":"tr","p":{"a":0,"k":[0,0],"ix":2},"a":{"a":0,"k":[0,0],"ix":1},"s":{"a":0,"k":[100,100],"ix":3},"r":{"a":0,"k":0,"ix":6},"o":{"a":0,"k":100,"ix":7},"sk":{"a":0,"k":0,"ix":4},"sa":{"a":0,"k":0,"ix":5},"nm":"Transform"}],"nm":"Admin","np":3,"cix":2,"bm":0,"ix":2,"mn":"ADBE Vector Group","hd":false}],"ip":0,"op":500,"st":0,"bm":0},{"ddd":0,"ind":8,"ty":4,"nm":"Hose 1::Shoulder","hd":true,"sr":1,"ks":{"o":{"a":0,"k":100,"ix":11},"r":{"a":0,"k":0,"ix":10,"x":"var $bm_rt;\nfunction parentTotal() {\n    var parentVal = 0;\n    var layerChain = 'thisLayer';\n    while (eval([layerChain][0]).hasParent) {\n        layerChain = $bm_sum(layerChain, '.parent');\n        parentVal = $bm_sum(parentVal, eval([layerChain][0]).rotation);\n    }\n    return parentVal;\n}\ntry {\n    var eff = thisComp.layer(thisLayer(2)('Admin')(2)('A')(2)(1)._name)(4)('RubberHose 2');\n    var autoRotate = eff('Auto Rotate Start');\n    if (autoRotate == 1) {\n        var a = thisComp.layer(thisLayer(2)('Admin')(2)('A')(2)(1)._name).toComp([\n                0,\n                0,\n                0\n            ]);\n        var b = thisComp.layer(thisLayer(2)('Admin')(2)('B')(2)(1)._name).toComp([\n                0,\n                0,\n                0\n            ]);\n        var s = length(a, b);\n        var sFac = eff('Parent Scale');\n        var realism = eff('Realism');\n        var bendDir = $bm_div(eff('Bend Direction'), 100);\n        var hoseLength = $bm_div(eff('Hose Length'), 2);\n        var bendRad = eff('Bend Radius');\n        var autoFlop = eff('AutoFlop');\n        var baseRot = $bm_sub(180, radiansToDegrees(Math.atan2($bm_sub(b[0], a[0]), $bm_sub(b[1], a[1]))));\n        var outerRad = $bm_mul(Math.sin(0.78539816339), s);\n        var straight = $bm_div($bm_mul(1.4142135623731, outerRad), 2);\n        straight /= Math.max(Math.abs(sFac), 0.001);\n        var roundShrink = linear(Math.abs(bendRad), 0, 100, 1, 0.87);\n        var innerRad;\n        if (hoseLength > straight) {\n            innerRad = $bm_sum(straight, $bm_mul(Math.sqrt($bm_sub(Math.pow(hoseLength, 2), Math.pow(straight, 2))), roundShrink));\n            innerRad = linear(realism, 0, 100, hoseLength, innerRad);\n            innerRad = linear(Math.abs(bendDir), straight, innerRad);\n        } else {\n            innerRad = straight;\n        }\n        innerRad = linear(Math.abs(autoFlop), straight, innerRad);\n        var flopDir = 1;\n        if (bendDir < 0) {\n            flopDir = -1;\n        }\n        flopDir *= autoFlop;\n        var opp = $bm_mul($bm_sub(innerRad, straight), flopDir);\n        var theta = Math.atan($bm_div(opp, Math.max(straight, 0.001)));\n        var bendAngle = radiansToDegrees(theta);\n        if (sFac < 0) {\n            baseRot *= -1;\n        }\n        bendRad *= $bm_div($bm_div(theta, $bm_neg(Math.PI)), linear(s, hoseLength, 0, 2, 0.9));\n        var parentRot = hasParent ? parentTotal() : 0;\n        var rotCalc = $bm_sub($bm_sum($bm_sub(baseRot, bendAngle), bendRad), parentRot);\n        $bm_rt = $bm_sum(rotCalc, value);\n    } else {\n        $bm_rt = value;\n    }\n} catch (e) {\n    $bm_rt = value;\n}"},"p":{"a":0,"k":[764,712,0],"ix":2},"a":{"a":0,"k":[0,0,0],"ix":1},"s":{"a":0,"k":[100,100],"ix":6}},"ao":0,"shapes":[{"ty":"gr","it":[{"ty":"gr","it":[{"d":1,"ty":"el","s":{"a":0,"k":[100,100],"ix":2},"p":{"a":0,"k":[0,0],"ix":3},"nm":"Circle","mn":"ADBE Vector Shape - Ellipse","hd":false},{"ind":1,"ty":"sh","ix":2,"ks":{"a":0,"k":{"i":[[0,0],[0,0]],"o":[[0,0],[0,0]],"v":[[-75,0],[75,0]],"c":false},"ix":2},"nm":"01","mn":"ADBE Vector Shape - Group","hd":false},{"ind":2,"ty":"sh","ix":3,"ks":{"a":0,"k":{"i":[[0,0],[0,0]],"o":[[0,0],[0,0]],"v":[[0,-30],[0,30]],"c":false},"ix":2},"nm":"02","mn":"ADBE Vector Shape - Group","hd":false},{"ty":"tr","p":{"a":0,"k":[0,0],"ix":2},"a":{"a":0,"k":[0,0],"ix":1},"s":{"a":0,"k":[30,30],"ix":3},"r":{"a":0,"k":0,"ix":6},"o":{"a":0,"k":100,"ix":7},"sk":{"a":0,"k":0,"ix":4},"sa":{"a":0,"k":0,"ix":5},"nm":"Transform"}],"nm":"ControlShape","np":3,"cix":2,"bm":0,"ix":1,"mn":"ADBE Vector Group","hd":false},{"ty":"st","c":{"a":0,"k":[1,0.560000002384,0,1],"ix":3,"x":"var $bm_rt;\ntry {\n    var ctrl = thisComp.layer(thisLayer(2)('Admin')(2)('A')(2)(1)._name);\n    $bm_rt = ctrl(2)('Control Point')(2)('Stroke 1')('Color');\n} catch (e) {\n    $bm_rt = value;\n}"},"o":{"a":0,"k":100,"ix":4},"w":{"a":0,"k":3,"ix":5},"lc":1,"lj":1,"ml":4,"bm":0,"nm":"Stroke 1","mn":"ADBE Vector Graphic - Stroke","hd":false},{"ty":"tr","p":{"a":0,"k":[0,0],"ix":2},"a":{"a":0,"k":[0,0],"ix":1},"s":{"a":0,"k":[100,100],"ix":3},"r":{"a":0,"k":0,"ix":6},"o":{"a":0,"k":100,"ix":7},"sk":{"a":0,"k":0,"ix":4},"sa":{"a":0,"k":0,"ix":5},"nm":"Transform"}],"nm":"Control Point","np":2,"cix":2,"bm":0,"ix":1,"mn":"ADBE Vector Group","hd":false},{"ty":"gr","it":[{"ty":"gr","it":[{"ty":"gr","it":[{"ty":"tr","p":{"a":0,"k":[0,0],"ix":2},"a":{"a":0,"k":[0,0],"ix":1},"s":{"a":0,"k":[100,100],"ix":3},"r":{"a":0,"k":0,"ix":6},"o":{"a":0,"k":100,"ix":7},"sk":{"a":0,"k":0,"ix":4},"sa":{"a":0,"k":0,"ix":5},"nm":"Transform"}],"nm":"Hose 1::Wrist","np":0,"cix":2,"bm":0,"ix":1,"mn":"ADBE Vector Group","hd":false},{"ty":"tr","p":{"a":0,"k":[0,0],"ix":2},"a":{"a":0,"k":[135,0],"ix":1},"s":{"a":0,"k":[100,100],"ix":3},"r":{"a":0,"k":0,"ix":6},"o":{"a":0,"k":100,"ix":7},"sk":{"a":0,"k":0,"ix":4},"sa":{"a":0,"k":0,"ix":5},"nm":"Transform"}],"nm":"A","np":1,"cix":2,"bm":0,"ix":1,"mn":"ADBE Vector Group","hd":false},{"ty":"gr","it":[{"ty":"gr","it":[{"ty":"tr","p":{"a":0,"k":[0,0],"ix":2},"a":{"a":0,"k":[20,20],"ix":1},"s":{"a":0,"k":[100,100],"ix":3},"r":{"a":0,"k":0,"ix":6},"o":{"a":0,"k":100,"ix":7},"sk":{"a":0,"k":0,"ix":4},"sa":{"a":0,"k":0,"ix":5},"nm":"Transform"}],"nm":"Hose 1::Shoulder","np":0,"cix":2,"bm":0,"ix":1,"mn":"ADBE Vector Group","hd":false},{"ty":"tr","p":{"a":0,"k":[0,0],"ix":2},"a":{"a":0,"k":[0,0],"ix":1},"s":{"a":0,"k":[100,100],"ix":3},"r":{"a":0,"k":0,"ix":6},"o":{"a":0,"k":100,"ix":7},"sk":{"a":0,"k":0,"ix":4},"sa":{"a":0,"k":0,"ix":5},"nm":"Transform"}],"nm":"B","np":1,"cix":2,"bm":0,"ix":2,"mn":"ADBE Vector Group","hd":false},{"ty":"gr","it":[{"ty":"gr","it":[{"ty":"tr","p":{"a":0,"k":[0,0],"ix":2},"a":{"a":0,"k":[0,0],"ix":1},"s":{"a":0,"k":[100,100],"ix":3},"r":{"a":0,"k":0,"ix":6},"o":{"a":0,"k":100,"ix":7},"sk":{"a":0,"k":0,"ix":4},"sa":{"a":0,"k":0,"ix":5},"nm":"Transform"}],"nm":"2.09","np":0,"cix":2,"bm":0,"ix":1,"mn":"ADBE Vector Group","hd":false,"cl":"09"},{"ty":"tr","p":{"a":0,"k":[0,0],"ix":2},"a":{"a":0,"k":[0,0],"ix":1},"s":{"a":0,"k":[100,100],"ix":3},"r":{"a":0,"k":0,"ix":6},"o":{"a":0,"k":100,"ix":7},"sk":{"a":0,"k":0,"ix":4},"sa":{"a":0,"k":0,"ix":5},"nm":"Transform"}],"nm":"Version","np":1,"cix":2,"bm":0,"ix":3,"mn":"ADBE Vector Group","hd":false},{"ty":"tr","p":{"a":0,"k":[0,0],"ix":2},"a":{"a":0,"k":[0,0],"ix":1},"s":{"a":0,"k":[100,100],"ix":3},"r":{"a":0,"k":0,"ix":6},"o":{"a":0,"k":100,"ix":7},"sk":{"a":0,"k":0,"ix":4},"sa":{"a":0,"k":0,"ix":5},"nm":"Transform"}],"nm":"Admin","np":3,"cix":2,"bm":0,"ix":2,"mn":"ADBE Vector Group","hd":false}],"ip":0,"op":500,"st":0,"bm":0},{"ddd":0,"ind":9,"ty":4,"nm":"Hose 1","sr":1,"ks":{"o":{"a":0,"k":100,"ix":11},"r":{"a":0,"k":0,"ix":10,"x":"var $bm_rt;\nfunction parentTotal() {\n    var parentVal = 0;\n    var layerChain = 'thisLayer';\n    while (eval([layerChain][0]).hasParent) {\n        layerChain = $bm_sum(layerChain, '.parent');\n        parentVal = $bm_sum(parentVal, eval([layerChain][0]).rotation);\n    }\n    return parentVal;\n}\nvar r = 0;\nif (thisLayer.hasParent) {\n    r = $bm_neg(parentTotal());\n}\n$bm_rt = r;"},"p":{"a":0,"k":[800,600,0],"ix":2,"x":"var $bm_rt;\nvar p = [\n        0,\n        0\n    ];\ntry {\n    if (thisLayer.hasParent) {\n        p = parent.fromComp([\n            0,\n            0,\n            0\n        ]);\n    }\n    $bm_rt = p;\n} catch (err) {\n    $bm_rt = p;\n}"},"a":{"a":0,"k":[0,0],"ix":1},"s":{"a":0,"k":[100,100,100],"ix":6,"x":"var $bm_rt;\n$bm_rt = $bm_div(value, length(toComp([\n    0,\n    0\n]), toComp([\n    0.7071,\n    0.7071\n]))) || 0.001;"}},"ao":0,"shapes":[{"ty":"gr","it":[{"ty":"gr","it":[{"ty":"gr","it":[{"ty":"sr","sy":1,"d":1,"pt":{"a":0,"k":4,"ix":3},"p":{"a":0,"k":[0,0],"ix":4},"r":{"a":0,"k":0,"ix":5},"ir":{"a":0,"k":500,"ix":6,"x":"var $bm_rt;\nvar p = thisProperty.propertyIndex;\nvar grp = thisProperty.propertyGroup(1).propertyIndex;\n$bm_rt = thisLayer(2)('Admin')(2)('ArcMath')(2)(grp)(p);"},"is":{"a":0,"k":0,"ix":8,"x":"var $bm_rt;\nvar p = thisProperty.propertyIndex;\nvar grp = thisProperty.propertyGroup(1).propertyIndex;\n$bm_rt = thisLayer(2)('Admin')(2)('ArcMath')(2)(grp)(p);"},"or":{"a":0,"k":113,"ix":7,"x":"var $bm_rt;\nvar p = thisProperty.propertyIndex;\nvar grp = thisProperty.propertyGroup(1).propertyIndex;\n$bm_rt = thisLayer(2)('Admin')(2)('ArcMath')(2)(grp)(p);"},"os":{"a":0,"k":0,"ix":9,"x":"var $bm_rt;\nvar p = thisProperty.propertyIndex;\nvar grp = thisProperty.propertyGroup(1).propertyIndex;\n$bm_rt = thisLayer(2)('Admin')(2)('ArcMath')(2)(grp)(p);"},"ix":1,"nm":"LineForCurve","mn":"ADBE Vector Shape - Star","hd":false},{"ty":"tm","s":{"a":0,"k":0,"ix":1,"x":"var $bm_rt;\nvar p = thisProperty.propertyIndex;\nvar grp = thisProperty.propertyGroup(1).propertyIndex;\n$bm_rt = thisLayer(2)('Admin')(2)('ArcMath')(2)(grp)(p);"},"e":{"a":0,"k":0,"ix":2,"x":"var $bm_rt;\nvar p = thisProperty.propertyIndex;\nvar grp = thisProperty.propertyGroup(1).propertyIndex;\n$bm_rt = thisLayer(2)('Admin')(2)('ArcMath')(2)(grp)(p);"},"o":{"a":0,"k":-90,"ix":3,"x":"var $bm_rt;\nvar p = thisProperty.propertyIndex;\nvar grp = thisProperty.propertyGroup(1).propertyIndex;\n$bm_rt = thisLayer(2)('Admin')(2)('ArcMath')(2)(grp)(p);"},"m":1,"ix":2,"nm":"Line Halfer","mn":"ADBE Vector Filter - Trim","hd":false},{"ty":"tr","p":{"a":0,"k":[0,0],"ix":2,"x":"var $bm_rt;\nvar p = thisProperty.propertyIndex;\nvar grp = thisProperty.propertyGroup(2).propertyIndex;\n$bm_rt = content('Admin').content('ArcMath')('ADBE Vector Transform Group')(p);"},"a":{"a":0,"k":[0,0],"ix":1,"x":"var $bm_rt;\nvar p = thisProperty.propertyIndex;\nvar grp = thisProperty.propertyGroup(2).propertyIndex;\n$bm_rt = content('Admin').content('ArcMath')('ADBE Vector Transform Group')(p);"},"s":{"a":0,"k":[100,100],"ix":3,"x":"var $bm_rt;\nvar p = thisProperty.propertyIndex;\nvar grp = thisProperty.propertyGroup(2).propertyIndex;\n$bm_rt = content('Admin').content('ArcMath')('ADBE Vector Transform Group')(p);"},"r":{"a":0,"k":45,"ix":6,"x":"var $bm_rt;\nvar p = thisProperty.propertyIndex;\nvar grp = thisProperty.propertyGroup(2).propertyIndex;\n$bm_rt = content('Admin').content('ArcMath')('ADBE Vector Transform Group')(p);"},"o":{"a":0,"k":100,"ix":7,"x":"var $bm_rt;\nvar p = thisProperty.propertyIndex;\nvar grp = thisProperty.propertyGroup(2).propertyIndex;\n$bm_rt = content('Admin').content('ArcMath')('ADBE Vector Transform Group')(p);"},"sk":{"a":0,"k":0,"ix":4,"x":"var $bm_rt;\nvar p = thisProperty.propertyIndex;\nvar grp = thisProperty.propertyGroup(2).propertyIndex;\n$bm_rt = content('Admin').content('ArcMath')('ADBE Vector Transform Group')(p);"},"sa":{"a":0,"k":0,"ix":5,"x":"var $bm_rt;\nvar p = thisProperty.propertyIndex;\nvar grp = thisProperty.propertyGroup(2).propertyIndex;\n$bm_rt = content('Admin').content('ArcMath')('ADBE Vector Transform Group')(p);"},"nm":"Transform"}],"nm":"Arc","np":2,"cix":2,"bm":0,"ix":1,"mn":"ADBE Vector Group","hd":false},{"ty":"st","c":{"a":0,"k":[0.435294147566,0.513725490196,1,1],"ix":3},"o":{"a":0,"k":100,"ix":4},"w":{"a":0,"k":36,"ix":5,"x":"var $bm_rt;\nvar sFac = thisComp.layer(thisLayer(2)('Admin')(2)('A')(2)(1)._name)(4)('RubberHose 2')('Parent Scale');\n$bm_rt = Math.abs($bm_mul(value, sFac));"},"lc":2,"lj":2,"bm":0,"nm":"Stroke 1","mn":"ADBE Vector Graphic - Stroke","hd":false},{"ty":"tr","p":{"a":0,"k":[0,0],"ix":2,"x":"var $bm_rt;\ntry {\n    var ctrl = thisComp.layer(thisLayer(2)('Admin')(2)('A')(2)(1)._name)(4)('RubberHose 2');\n    $bm_rt = ctrl('A');\n} catch (err) {\n    $bm_rt = value;\n}"},"a":{"a":0,"k":[0,0],"ix":1},"s":{"a":0,"k":[100,100],"ix":3},"r":{"a":0,"k":0,"ix":6},"o":{"a":0,"k":100,"ix":7},"sk":{"a":0,"k":0,"ix":4},"sa":{"a":0,"k":0,"ix":5},"nm":"Transform"}],"nm":"BaseHose","np":2,"cix":2,"bm":0,"ix":1,"mn":"ADBE Vector Group","hd":false},{"ty":"tr","p":{"a":0,"k":[0,0],"ix":2},"a":{"a":0,"k":[0,0],"ix":1},"s":{"a":0,"k":[100,100],"ix":3},"r":{"a":0,"k":0,"ix":6},"o":{"a":0,"k":100,"ix":7},"sk":{"a":0,"k":0,"ix":4},"sa":{"a":0,"k":0,"ix":5},"nm":"Transform"}],"nm":"Style","np":1,"cix":2,"bm":0,"ix":1,"mn":"ADBE Vector Group","hd":false},{"ty":"gr","it":[{"ty":"gr","it":[{"ty":"gr","it":[{"ty":"tr","p":{"a":0,"k":[0,0],"ix":2},"a":{"a":0,"k":[0,0],"ix":1},"s":{"a":0,"k":[100,100],"ix":3},"r":{"a":0,"k":0,"ix":6},"o":{"a":0,"k":100,"ix":7},"sk":{"a":0,"k":0,"ix":4},"sa":{"a":0,"k":0,"ix":5},"nm":"Transform"}],"nm":"Hose 1::Wrist","np":0,"cix":2,"bm":0,"ix":1,"mn":"ADBE Vector Group","hd":false},{"ty":"tr","p":{"a":0,"k":[0,0],"ix":2},"a":{"a":0,"k":[135,0],"ix":1},"s":{"a":0,"k":[100,100],"ix":3},"r":{"a":0,"k":0,"ix":6},"o":{"a":0,"k":100,"ix":7},"sk":{"a":0,"k":0,"ix":4},"sa":{"a":0,"k":0,"ix":5},"nm":"Transform"}],"nm":"A","np":1,"cix":2,"bm":0,"ix":1,"mn":"ADBE Vector Group","hd":false},{"ty":"gr","it":[{"ty":"gr","it":[{"ty":"tr","p":{"a":0,"k":[0,0],"ix":2},"a":{"a":0,"k":[200,200],"ix":1},"s":{"a":0,"k":[100,100],"ix":3},"r":{"a":0,"k":0,"ix":6},"o":{"a":0,"k":100,"ix":7},"sk":{"a":0,"k":0,"ix":4},"sa":{"a":0,"k":0,"ix":5},"nm":"Transform"}],"nm":"Hose 1::Shoulder","np":0,"cix":2,"bm":0,"ix":1,"mn":"ADBE Vector Group","hd":false},{"ty":"tr","p":{"a":0,"k":[0,0],"ix":2},"a":{"a":0,"k":[0,0],"ix":1},"s":{"a":0,"k":[100,100],"ix":3},"r":{"a":0,"k":0,"ix":6},"o":{"a":0,"k":100,"ix":7},"sk":{"a":0,"k":0,"ix":4},"sa":{"a":0,"k":0,"ix":5},"nm":"Transform"}],"nm":"B","np":1,"cix":2,"bm":0,"ix":2,"mn":"ADBE Vector Group","hd":false},{"ty":"gr","it":[{"ty":"gr","it":[{"ty":"tr","p":{"a":0,"k":[0,0],"ix":2},"a":{"a":0,"k":[0,0],"ix":1},"s":{"a":0,"k":[100,100],"ix":3},"r":{"a":0,"k":0,"ix":6},"o":{"a":0,"k":100,"ix":7},"sk":{"a":0,"k":0,"ix":4},"sa":{"a":0,"k":0,"ix":5},"nm":"Transform"}],"nm":"2.09","np":0,"cix":2,"bm":0,"ix":1,"mn":"ADBE Vector Group","hd":false,"cl":"09"},{"ty":"tr","p":{"a":0,"k":[0,0],"ix":2},"a":{"a":0,"k":[0,0],"ix":1},"s":{"a":0,"k":[100,100],"ix":3},"r":{"a":0,"k":0,"ix":6},"o":{"a":0,"k":100,"ix":7},"sk":{"a":0,"k":0,"ix":4},"sa":{"a":0,"k":0,"ix":5},"nm":"Transform"}],"nm":"Version","np":1,"cix":2,"bm":0,"ix":3,"mn":"ADBE Vector Group","hd":false},{"ty":"gr","it":[{"ty":"sr","sy":1,"d":1,"pt":{"a":0,"k":4,"ix":3},"p":{"a":0,"k":[0,0],"ix":4},"r":{"a":0,"k":0,"ix":5},"ir":{"a":0,"k":200,"ix":6,"x":"var $bm_rt;\ntry {\n    var ctrl = thisComp.layer(thisLayer(2)('Admin')(2)('A')(2)(1)._name)(4)('RubberHose 2');\n    $bm_rt = ctrl('Inner Radius');\n} catch (err) {\n    $bm_rt = value;\n}"},"is":{"a":0,"k":100,"ix":8,"x":"var $bm_rt;\ntry {\n    var ctrl = thisComp.layer(thisLayer(2)('Admin')(2)('A')(2)(1)._name)(4)('RubberHose 2');\n    $bm_rt = ctrl('Bend Radius');\n} catch (err) {\n    $bm_rt = value;\n}"},"or":{"a":0,"k":200,"ix":7,"x":"var $bm_rt;\ntry {\n    var ctrl = thisComp.layer(thisLayer(2)('Admin')(2)('A')(2)(1)._name)(4)('RubberHose 2');\n    $bm_rt = ctrl('Outer Radius');\n} catch (err) {\n    $bm_rt = value;\n}"},"os":{"a":0,"k":0,"ix":9},"ix":1,"nm":"LineForCurve","mn":"ADBE Vector Shape - Star","hd":false},{"ty":"tm","s":{"a":0,"k":0.01,"ix":1},"e":{"a":0,"k":24.99,"ix":2},"o":{"a":0,"k":-90,"ix":3,"x":"var $bm_rt;\n$bm_rt = -90;"},"m":1,"ix":2,"nm":"Line Halfer","mn":"ADBE Vector Filter - Trim","hd":false},{"ty":"tr","p":{"a":0,"k":[0,0],"ix":2},"a":{"a":0,"k":[0,0],"ix":1,"x":"var $bm_rt;\nvar s = thisProperty.propertyGroup(2)(2)(1)(7);\n$bm_rt = [\n    -s,\n    0\n];"},"s":{"a":0,"k":[100,100],"ix":3,"x":"var $bm_rt;\nvar flop;\ntry {\n    var eff = thisComp.layer(thisLayer(2)('Admin')(2)('A')(2)(1)._name)(4)('RubberHose 2');\n    var bendDir = eff('Bend Direction');\n    var autoFlop = eff('AutoFlop');\n    flop = bendDir > 0 ? 1 : -1;\n    autoFlop > 0 ? 0 : flop *= -1;\n    var s = flop == 1 ? [\n            -100,\n            100\n        ] : [\n            100,\n            100\n        ];\n    if (eff('Parent Scale') < 0) {\n        s = [\n            $bm_neg(s[0]),\n            s[1]\n        ];\n    }\n    $bm_rt = s;\n} catch (err) {\n    $bm_rt = value;\n}\n;"},"r":{"a":0,"k":45,"ix":6,"x":"var $bm_rt;\ntry {\n    var ctrl = thisComp.layer(thisLayer(2)('Admin')(2)('A')(2)(1)._name)(4)('RubberHose 2');\n    var baseRot = ctrl('Base Rotation');\n    var flop = content('Admin').content('ArcMath').transform.scale[0];\n    var rotOffset = flop < 0 ? -45 : 225;\n    $bm_rt = $bm_sum(baseRot, rotOffset);\n} catch (err) {\n    $bm_rt = value;\n}"},"o":{"a":0,"k":100,"ix":7},"sk":{"a":0,"k":0,"ix":4},"sa":{"a":0,"k":0,"ix":5},"nm":"Transform"}],"nm":"ArcMath","np":2,"cix":2,"bm":0,"ix":4,"mn":"ADBE Vector Group","hd":false},{"ty":"tr","p":{"a":0,"k":[0,0],"ix":2,"x":"var $bm_rt;\ntry {\n    var ctrl = thisComp.layer(thisLayer(2)('Admin')(2)('A')(2)(1)._name)(4)('RubberHose 2');\n    $bm_rt = ctrl('A');\n} catch (err) {\n    $bm_rt = value;\n}"},"a":{"a":0,"k":[0,0],"ix":1},"s":{"a":0,"k":[100,100],"ix":3},"r":{"a":0,"k":0,"ix":6},"o":{"a":0,"k":100,"ix":7},"sk":{"a":0,"k":0,"ix":4},"sa":{"a":0,"k":0,"ix":5},"nm":"Transform"}],"nm":"Admin","np":4,"cix":2,"bm":0,"ix":2,"mn":"ADBE Vector Group","hd":false}],"ip":0,"op":500,"st":0,"bm":0},{"ddd":0,"ind":10,"ty":4,"nm":"Shape Layer 3","parent":12,"sr":1,"ks":{"o":{"a":0,"k":100,"ix":11},"r":{"a":0,"k":0.135,"ix":10},"p":{"a":0,"k":[37.263,-109.915,0],"ix":2},"a":{"a":0,"k":[0,0,0],"ix":1},"s":{"a":0,"k":[100,100,100],"ix":6}},"ao":0,"shapes":[{"ty":"gr","it":[{"ind":0,"ty":"sh","ix":1,"ks":{"a":0,"k":{"i":[[0,0],[-28.5,-30.5]],"o":[[0,0],[28.5,30.5]],"v":[[-48.5,122],[4.481,249.013]],"c":false},"ix":2},"nm":"Path 1","mn":"ADBE Vector Shape - Group","hd":false},{"ty":"st","c":{"a":0,"k":[0.062745098039,0.196078446332,0.274509803922,1],"ix":3},"o":{"a":0,"k":100,"ix":4},"w":{"a":0,"k":2,"ix":5},"lc":1,"lj":1,"ml":4,"bm":0,"nm":"Stroke 1","mn":"ADBE Vector Graphic - Stroke","hd":false},{"ty":"tr","p":{"a":0,"k":[0,0],"ix":2},"a":{"a":0,"k":[0,0],"ix":1},"s":{"a":0,"k":[100,100],"ix":3},"r":{"a":0,"k":0,"ix":6},"o":{"a":0,"k":100,"ix":7},"sk":{"a":0,"k":0,"ix":4},"sa":{"a":0,"k":0,"ix":5},"nm":"Transform"}],"nm":"Shape 1","np":2,"cix":2,"bm":0,"ix":1,"mn":"ADBE Vector Group","hd":false}],"ip":0,"op":500,"st":0,"bm":0},{"ddd":0,"ind":11,"ty":4,"nm":"line","parent":7,"sr":1,"ks":{"o":{"a":0,"k":100,"ix":11},"r":{"a":0,"k":-100.414,"ix":10},"p":{"a":0,"k":[-275.67,-95.747,0],"ix":2},"a":{"a":0,"k":[0,0,0],"ix":1},"s":{"a":0,"k":[100,100,100],"ix":6}},"ao":0,"shapes":[{"ty":"gr","it":[{"ind":0,"ty":"sh","ix":1,"ks":{"a":1,"k":[{"i":{"x":0.667,"y":1},"o":{"x":0.167,"y":0},"t":25,"s":[{"i":[[0,0],[0,0]],"o":[[0,0],[0,0]],"v":[[-127.354,235.327],[14.924,245.036]],"c":false}]},{"i":{"x":0.667,"y":1},"o":{"x":0.333,"y":0},"t":33.333,"s":[{"i":[[0,0],[0,0]],"o":[[0,0],[0,0]],"v":[[-122.5,234.5],[0.938,246.078]],"c":false}]},{"i":{"x":0.833,"y":1},"o":{"x":0.333,"y":0},"t":41.667,"s":[{"i":[[0,0],[0,0]],"o":[[0,0],[0,0]],"v":[[-122.5,234.5],[11.435,244.874]],"c":false}]},{"i":{"x":0.833,"y":1},"o":{"x":0.167,"y":0},"t":56.25,"s":[{"i":[[0,0],[0,0]],"o":[[0,0],[0,0]],"v":[[-122.5,234.5],[14.371,245.41]],"c":false}]},{"t":75,"s":[{"i":[[0,0],[0,0]],"o":[[0,0],[0,0]],"v":[[-127.354,235.327],[14.924,245.036]],"c":false}]}],"ix":2},"nm":"Path 1","mn":"ADBE Vector Shape - Group","hd":false},{"ty":"st","c":{"a":0,"k":[0.062745098039,0.196078446332,0.274509803922,1],"ix":3},"o":{"a":0,"k":100,"ix":4},"w":{"a":0,"k":2,"ix":5},"lc":1,"lj":1,"ml":4,"bm":0,"nm":"Stroke 1","mn":"ADBE Vector Graphic - Stroke","hd":false},{"ty":"tr","p":{"a":0,"k":[0,0],"ix":2},"a":{"a":0,"k":[0,0],"ix":1},"s":{"a":0,"k":[100,100],"ix":3},"r":{"a":0,"k":0,"ix":6},"o":{"a":0,"k":100,"ix":7},"sk":{"a":0,"k":0,"ix":4},"sa":{"a":0,"k":0,"ix":5},"nm":"Transform"}],"nm":"Shape 1","np":2,"cix":2,"bm":0,"ix":1,"mn":"ADBE Vector Group","hd":false}],"ip":0,"op":500,"st":0,"bm":0},{"ddd":0,"ind":12,"ty":4,"nm":"Shape Layer 2","parent":8,"sr":1,"ks":{"o":{"a":0,"k":100,"ix":11},"r":{"a":0,"k":25.699,"ix":10},"p":{"a":0,"k":[-0.034,-2.236,0],"ix":2},"a":{"a":0,"k":[0,0,0],"ix":1},"s":{"a":0,"k":[100,100,100],"ix":6}},"ao":0,"shapes":[{"ty":"gr","it":[{"ind":0,"ty":"sh","ix":1,"ks":{"a":0,"k":{"i":[[103.589,104.647],[0,0],[-47.2,-58.5],[-14.372,-8.8],[-7.361,4.979],[0,0]],"o":[[-26.03,-26.296],[0,0],[5.593,40.336],[6.117,3.745],[6.528,-4.416],[0,0]],"v":[[26,-15],[-15,-7],[46,144],[76.957,188.098],[103.617,187.806],[113.243,173.251]],"c":true},"ix":2},"nm":"Path 1","mn":"ADBE Vector Shape - Group","hd":false},{"ty":"fl","c":{"a":0,"k":[0.435294147566,0.513725490196,1,1],"ix":4},"o":{"a":0,"k":100,"ix":5},"r":1,"bm":0,"nm":"Fill 1","mn":"ADBE Vector Graphic - Fill","hd":false},{"ty":"tr","p":{"a":0,"k":[0,0],"ix":2},"a":{"a":0,"k":[0,0],"ix":1},"s":{"a":0,"k":[100,100],"ix":3},"r":{"a":0,"k":0,"ix":6},"o":{"a":0,"k":100,"ix":7},"sk":{"a":0,"k":0,"ix":4},"sa":{"a":0,"k":0,"ix":5},"nm":"Transform"}],"nm":"Shape 1","np":2,"cix":2,"bm":0,"ix":1,"mn":"ADBE Vector Group","hd":false}],"ip":0,"op":500,"st":0,"bm":0},{"ddd":0,"ind":13,"ty":4,"nm":"Shape Layer 1","parent":7,"sr":1,"ks":{"o":{"a":0,"k":100,"ix":11},"r":{"a":0,"k":-86.457,"ix":10},"p":{"a":0,"k":[-287.367,-164.775,0],"ix":2},"a":{"a":0,"k":[0,0,0],"ix":1},"s":{"a":0,"k":[100,100,100],"ix":6}},"ao":0,"shapes":[{"ty":"gr","it":[{"ind":0,"ty":"sh","ix":1,"ks":{"a":0,"k":{"i":[[0,0],[0,0],[0,0],[0,0],[5.64,19.676]],"o":[[0,0],[0,0],[0,0],[0,0],[-7.862,-27.428]],"v":[[24,248],[-144,276],[-137,312],[58.596,299.457],[54.233,274.487]],"c":true},"ix":2},"nm":"Path 1","mn":"ADBE Vector Shape - Group","hd":false},{"ty":"fl","c":{"a":0,"k":[0.435294147566,0.513725490196,1,1],"ix":4},"o":{"a":0,"k":100,"ix":5},"r":1,"bm":0,"nm":"Fill 1","mn":"ADBE Vector Graphic - Fill","hd":false},{"ty":"tr","p":{"a":0,"k":[0,0],"ix":2},"a":{"a":0,"k":[0,0],"ix":1},"s":{"a":0,"k":[100,100],"ix":3},"r":{"a":0,"k":0,"ix":6},"o":{"a":0,"k":100,"ix":7},"sk":{"a":0,"k":0,"ix":4},"sa":{"a":0,"k":0,"ix":5},"nm":"Transform"}],"nm":"Shape 1","np":2,"cix":2,"bm":0,"ix":1,"mn":"ADBE Vector Group","hd":false}],"ip":0,"op":500,"st":0,"bm":0},{"ddd":0,"ind":16,"ty":4,"nm":"body","sr":1,"ks":{"o":{"a":0,"k":100,"ix":11},"r":{"a":0,"k":0,"ix":10},"p":{"a":0,"k":[800,600,0],"ix":2},"a":{"a":0,"k":[0,0,0],"ix":1},"s":{"a":0,"k":[85,85,100],"ix":6}},"ao":0,"shapes":[{"ty":"gr","it":[{"ind":0,"ty":"sh","ix":1,"ks":{"a":0,"k":{"i":[[12.73,32.243],[17.206,30.094],[9.989,15.479],[7.544,6.389],[16.006,4.166],[12.135,3.159],[27.445,-34.584],[5.512,28.53],[13.337,-7.469],[3.166,-3.41],[1.844,-3.603],[24.542,-55.455],[-5.701,-10.892],[-22.976,33.772],[-0.186,4.885],[-5.246,-21.948],[-1.967,-2.887],[-11.654,-2.516],[-15.884,-3],[0,0],[0,0]],"o":[[-12.73,-32.243],[-9.144,-15.993],[-5.361,-8.307],[-12.621,-10.689],[-12.135,-3.159],[-19.954,39.385],[-5.512,-28.53],[-13.337,7.469],[-4.06,2.274],[-2.753,2.966],[-27.627,53.984],[9.669,7.592],[27.64,-30.074],[2.838,-4.171],[1.732,22.644],[0.812,3.398],[7.211,10.583],[15.801,3.411],[19.736,3.728],[-14.558,1.361],[1.072,-34.649]],"v":[[64.961,265.974],[17.935,173.324],[-10.396,125.879],[-28.985,102.912],[-74.206,83.594],[-109.413,73.67],[-180.754,185.003],[-197.046,99.325],[-235.885,121.31],[-247.241,129.323],[-253.73,139.537],[-330.458,304.465],[-307.052,332.612],[-230.993,236.672],[-225.07,222.915],[-215.158,291.663],[-211.491,301.415],[-171.392,318.755],[-123.282,324.597],[-93.193,372.868],[85.022,372.658]],"c":true},"ix":2},"nm":"Path 1","mn":"ADBE Vector Shape - Group","hd":false},{"ty":"fl","c":{"a":0,"k":[0.435294147566,0.513725490196,1,1],"ix":4},"o":{"a":0,"k":100,"ix":5},"r":1,"bm":0,"nm":"Fill 1","mn":"ADBE Vector Graphic - Fill","hd":false},{"ty":"tr","p":{"a":0,"k":[0,0],"ix":2},"a":{"a":0,"k":[0,0],"ix":1},"s":{"a":0,"k":[100,100],"ix":3},"r":{"a":0,"k":0,"ix":6},"o":{"a":0,"k":100,"ix":7},"sk":{"a":0,"k":0,"ix":4},"sa":{"a":0,"k":0,"ix":5},"nm":"Transform"}],"nm":"Group 1","np":2,"cix":2,"bm":0,"ix":1,"mn":"ADBE Vector Group","hd":false}],"ip":0,"op":500,"st":0,"bm":0},{"ddd":0,"ind":17,"ty":4,"nm":"woman 17","sr":1,"ks":{"o":{"a":0,"k":100,"ix":11},"r":{"a":0,"k":0,"ix":10},"p":{"a":0,"k":[800,600,0],"ix":2},"a":{"a":0,"k":[0,0,0],"ix":1},"s":{"a":0,"k":[85,85,100],"ix":6}},"ao":0,"shapes":[{"ty":"gr","it":[{"ind":0,"ty":"sh","ix":1,"ks":{"a":0,"k":{"i":[[0,0],[0,0],[0,0]],"o":[[0,0],[0,0],[0,0]],"v":[[-200.022,128.658],[-122.718,118.658],[-185.702,201.992]],"c":true},"ix":2},"nm":"Path 1","mn":"ADBE Vector Shape - Group","hd":false},{"ty":"fl","c":{"a":0,"k":[1,1,1,1],"ix":4},"o":{"a":0,"k":100,"ix":5},"r":1,"bm":0,"nm":"Fill 1","mn":"ADBE Vector Graphic - Fill","hd":false},{"ty":"tr","p":{"a":0,"k":[0,0],"ix":2},"a":{"a":0,"k":[0,0],"ix":1},"s":{"a":0,"k":[100,100],"ix":3},"r":{"a":0,"k":0,"ix":6},"o":{"a":0,"k":100,"ix":7},"sk":{"a":0,"k":0,"ix":4},"sa":{"a":0,"k":0,"ix":5},"nm":"Transform"}],"nm":"Group 1","np":2,"cix":2,"bm":0,"ix":1,"mn":"ADBE Vector Group","hd":false}],"ip":0,"op":500,"st":0,"bm":0},{"ddd":0,"ind":18,"ty":4,"nm":"woman 11","parent":19,"sr":1,"ks":{"o":{"a":0,"k":100,"ix":11},"r":{"a":0,"k":-0.191,"ix":10},"p":{"a":0,"k":[-0.25,-0.569,0],"ix":2},"a":{"a":0,"k":[0,0,0],"ix":1},"s":{"a":0,"k":[100,100,100],"ix":6}},"ao":0,"shapes":[{"ty":"gr","it":[{"ind":0,"ty":"sh","ix":1,"ks":{"a":0,"k":{"i":[[0,0],[0.25,-8.87],[-2.427,1.728]],"o":[[1.262,8.784],[2.739,-1.172],[0,0]],"v":[[-225.123,6.347],[-223.601,32.892],[-215.821,28.525]],"c":false},"ix":2},"nm":"Path 1","mn":"ADBE Vector Shape - Group","hd":false},{"ty":"st","c":{"a":0,"k":[0.021776236594,0.116139933467,0.22865049541,1],"ix":3},"o":{"a":0,"k":100,"ix":4},"w":{"a":0,"k":2,"ix":5},"lc":1,"lj":1,"ml":10,"bm":0,"nm":"Stroke 1","mn":"ADBE Vector Graphic - Stroke","hd":false},{"ty":"tr","p":{"a":0,"k":[0,0],"ix":2},"a":{"a":0,"k":[0,0],"ix":1},"s":{"a":0,"k":[100,100],"ix":3},"r":{"a":0,"k":0,"ix":6},"o":{"a":0,"k":100,"ix":7},"sk":{"a":0,"k":0,"ix":4},"sa":{"a":0,"k":0,"ix":5},"nm":"Transform"}],"nm":"Group 1","np":2,"cix":2,"bm":0,"ix":1,"mn":"ADBE Vector Group","hd":false}],"ip":0,"op":500,"st":0,"bm":0},{"ddd":0,"ind":19,"ty":4,"nm":"head","parent":21,"sr":1,"ks":{"o":{"a":0,"k":100,"ix":11},"r":{"a":1,"k":[{"i":{"x":[0.36],"y":[1]},"o":{"x":[0.587],"y":[0]},"t":0,"s":[0]},{"i":{"x":[0.36],"y":[1]},"o":{"x":[0.587],"y":[0]},"t":25,"s":[13]},{"i":{"x":[0.36],"y":[1]},"o":{"x":[0.587],"y":[0]},"t":50,"s":[0]},{"i":{"x":[0.36],"y":[1]},"o":{"x":[0.587],"y":[0]},"t":75,"s":[13]},{"i":{"x":[0.36],"y":[1]},"o":{"x":[0.587],"y":[0]},"t":100,"s":[0]},{"i":{"x":[0.36],"y":[1]},"o":{"x":[0.587],"y":[0]},"t":125,"s":[13]},{"t":150,"s":[0]}],"ix":10},"p":{"a":0,"k":[-179.412,52.941,0],"ix":2},"a":{"a":0,"k":[-179.412,52.941,0],"ix":1},"s":{"a":0,"k":[100,100,100],"ix":6}},"ao":0,"shapes":[{"ty":"gr","it":[{"ind":0,"ty":"sh","ix":1,"ks":{"a":0,"k":{"i":[[3.596,24.703],[-0.557,3.122],[6.066,16.361],[11.52,4.581],[16.397,-8.618],[-2.654,-14.789],[-7.121,-17.725],[-3.427,-5.803],[-12.658,-7.996],[-1.963,-0.257]],"o":[[0.818,-2.886],[3.007,-16.848],[-4.447,-11.995],[-17.212,-6.844],[-12.802,6.729],[3.362,18.734],[2.5,6.222],[7.651,12.957],[1.674,1.057],[0.816,0.107]],"v":[[-158.696,19.859],[-156.629,10.853],[-158.544,-45.987],[-189.005,-73.724],[-242.735,-69.954],[-262.019,-39.236],[-247.764,16.028],[-238.886,34.154],[-208.555,66.575],[-203.145,68.904]],"c":true},"ix":2},"nm":"Path 1","mn":"ADBE Vector Shape - Group","hd":false},{"ty":"fl","c":{"a":0,"k":[0.980392156863,0.876925180473,0.745866962508,1],"ix":4},"o":{"a":0,"k":100,"ix":5},"r":1,"bm":0,"nm":"Fill 1","mn":"ADBE Vector Graphic - Fill","hd":false},{"ty":"tr","p":{"a":0,"k":[0,0],"ix":2},"a":{"a":0,"k":[0,0],"ix":1},"s":{"a":0,"k":[100,100],"ix":3},"r":{"a":0,"k":0,"ix":6},"o":{"a":0,"k":100,"ix":7},"sk":{"a":0,"k":0,"ix":4},"sa":{"a":0,"k":0,"ix":5},"nm":"Transform"}],"nm":"Group 1","np":2,"cix":2,"bm":0,"ix":1,"mn":"ADBE Vector Group","hd":false}],"ip":0,"op":500,"st":0,"bm":0},{"ddd":0,"ind":21,"ty":4,"nm":"neck 2","sr":1,"ks":{"o":{"a":0,"k":100,"ix":11},"r":{"a":1,"k":[{"i":{"x":[0.36],"y":[1]},"o":{"x":[0.587],"y":[0]},"t":0,"s":[0]},{"i":{"x":[0.36],"y":[1]},"o":{"x":[0.587],"y":[0]},"t":25,"s":[5]},{"i":{"x":[0.36],"y":[1]},"o":{"x":[0.587],"y":[0]},"t":50,"s":[0]},{"i":{"x":[0.36],"y":[1]},"o":{"x":[0.587],"y":[0]},"t":75,"s":[5]},{"i":{"x":[0.36],"y":[1]},"o":{"x":[0.587],"y":[0]},"t":100,"s":[0]},{"i":{"x":[0.36],"y":[1]},"o":{"x":[0.587],"y":[0]},"t":125,"s":[5]},{"t":150,"s":[0]}],"ix":10},"p":{"a":0,"k":[665.5,690,0],"ix":2},"a":{"a":0,"k":[-158.235,105.882,0],"ix":1},"s":{"a":0,"k":[85,85,100],"ix":6}},"ao":0,"shapes":[{"ty":"gr","it":[{"ind":0,"ty":"sh","ix":1,"ks":{"a":0,"k":{"i":[[1.156,0.541],[11.637,17.2],[-0.795,0.129],[-0.019,-0.157],[-0.952,-12.83],[-17.931,5.696]],"o":[[-22.695,-10.62],[-56.598,-20.447],[0,0.158],[1.348,11.408],[0.162,2.187],[24.003,-7.625]],"v":[[-109.791,74.34],[-158.696,19.859],[-200.726,68.851],[-200.736,69.327],[-197.046,99.325],[-159.297,107.037]],"c":true},"ix":2},"nm":"Path 1","mn":"ADBE Vector Shape - Group","hd":false},{"ty":"fl","c":{"a":0,"k":[0.898039215686,0.780531101601,0.62686659869,1],"ix":4},"o":{"a":0,"k":100,"ix":5},"r":1,"bm":0,"nm":"Fill 1","mn":"ADBE Vector Graphic - Fill","hd":false},{"ty":"tr","p":{"a":0,"k":[0,0],"ix":2},"a":{"a":0,"k":[0,0],"ix":1},"s":{"a":0,"k":[100,100],"ix":3},"r":{"a":0,"k":0,"ix":6},"o":{"a":0,"k":100,"ix":7},"sk":{"a":0,"k":0,"ix":4},"sa":{"a":0,"k":0,"ix":5},"nm":"Transform"}],"nm":"Group 1","np":2,"cix":2,"bm":0,"ix":1,"mn":"ADBE Vector Group","hd":false}],"ip":0,"op":500,"st":0,"bm":0},{"ddd":0,"ind":22,"ty":4,"nm":"chest","sr":1,"ks":{"o":{"a":0,"k":100,"ix":11},"r":{"a":0,"k":0,"ix":10},"p":{"a":0,"k":[800,600,0],"ix":2},"a":{"a":0,"k":[0,0,0],"ix":1},"s":{"a":0,"k":[85,85,100],"ix":6}},"ao":0,"shapes":[{"ty":"gr","it":[{"ind":0,"ty":"sh","ix":1,"ks":{"a":0,"k":{"i":[[1.703,14.586],[0.961,1.385],[2.173,0.332],[9.987,-12.266],[-0.211,-5.161],[1.588,-16.844],[-7.533,2.24],[-6.478,4.45],[-8.474,11.994]],"o":[[-0.195,-1.674],[-1.253,-1.806],[-28.445,-4.34],[-3.303,4.057],[0.691,16.904],[6.997,3.58],[7.533,-2.241],[12.104,-8.316],[8.474,-11.994]],"v":[[-109.247,86.434],[-110.711,81.65],[-109.791,74.34],[-197.046,99.325],[-195.768,116.565],[-197.11,167.264],[-174.136,168.508],[-153.343,157.604],[-121.199,127.819]],"c":true},"ix":2},"nm":"Path 1","mn":"ADBE Vector Shape - Group","hd":false},{"ty":"fl","c":{"a":0,"k":[1,1,1,1],"ix":4},"o":{"a":0,"k":100,"ix":5},"r":1,"bm":0,"nm":"Fill 1","mn":"ADBE Vector Graphic - Fill","hd":false},{"ty":"tr","p":{"a":0,"k":[0,0],"ix":2},"a":{"a":0,"k":[0,0],"ix":1},"s":{"a":0,"k":[100,100],"ix":3},"r":{"a":0,"k":0,"ix":6},"o":{"a":0,"k":100,"ix":7},"sk":{"a":0,"k":0,"ix":4},"sa":{"a":0,"k":0,"ix":5},"nm":"Transform"}],"nm":"Group 1","np":2,"cix":2,"bm":0,"ix":1,"mn":"ADBE Vector Group","hd":false}],"ip":0,"op":500,"st":0,"bm":0},{"ddd":0,"ind":24,"ty":4,"nm":"hair 2","sr":1,"ks":{"o":{"a":0,"k":100,"ix":11},"r":{"a":0,"k":0,"ix":10},"p":{"a":0,"k":[800,600,0],"ix":2},"a":{"a":0,"k":[0,0,0],"ix":1},"s":{"a":0,"k":[85,85,100],"ix":6}},"ao":0,"shapes":[{"ty":"gr","it":[{"ind":0,"ty":"sh","ix":1,"ks":{"a":1,"k":[{"i":{"x":0.36,"y":1},"o":{"x":0.587,"y":0},"t":0,"s":[{"i":[[11.436,-25.057],[127.869,-20.273],[16.529,-7.206],[1.742,-29.66],[-25.659,-14.979],[-33.236,8.008],[-28.045,10.803],[-0.146,1.207],[-18.894,26.066],[1.261,7.647],[-0.928,21.945]],"o":[[-14.315,31.365],[-17.809,2.824],[-27.236,11.874],[-1.742,29.66],[29.524,17.236],[29.198,-7.035],[-0.856,-0.289],[3.743,-30.883],[-3.186,-7.194],[-3.593,-21.785],[0.905,-21.398]],"v":[[-295.096,-46.66],[-398.457,115.568],[-450.646,129.504],[-499.11,198.969],[-459.109,273.628],[-359.287,279.772],[-273.792,251.565],[-275.13,249.325],[-177.889,136.783],[-184.562,114.252],[-185.295,47.821]],"c":true}]},{"i":{"x":0.36,"y":1},"o":{"x":0.587,"y":0},"t":25,"s":[{"i":[[18.676,-20.245],[127.869,-20.273],[16.529,-7.206],[1.742,-29.66],[-25.659,-14.979],[-33.236,8.008],[-28.045,10.803],[-0.146,1.207],[-18.894,26.065],[1.261,7.648],[-0.928,21.945]],"o":[[-34.904,37.836],[-17.809,2.824],[-27.236,11.874],[-1.742,29.66],[29.524,17.236],[29.198,-7.035],[-0.856,-0.289],[3.743,-30.883],[-3.186,-7.194],[-3.593,-21.785],[0.905,-21.398]],"v":[[-252.155,-79.013],[-398.457,115.568],[-450.646,129.504],[-499.11,198.969],[-459.109,273.628],[-359.287,279.772],[-273.792,251.565],[-275.13,249.325],[-177.889,136.783],[-184.562,114.252],[-185.295,47.82]],"c":true}]},{"i":{"x":0.36,"y":1},"o":{"x":0.587,"y":0},"t":50,"s":[{"i":[[11.436,-25.057],[127.869,-20.273],[16.529,-7.206],[1.742,-29.66],[-25.659,-14.979],[-33.236,8.008],[-28.045,10.803],[-0.146,1.207],[-18.894,26.066],[1.261,7.647],[-0.928,21.945]],"o":[[-14.315,31.365],[-17.809,2.824],[-27.236,11.874],[-1.742,29.66],[29.524,17.236],[29.198,-7.035],[-0.856,-0.289],[3.743,-30.883],[-3.186,-7.194],[-3.593,-21.785],[0.905,-21.398]],"v":[[-295.096,-46.66],[-398.457,115.568],[-450.646,129.504],[-499.11,198.969],[-459.109,273.628],[-359.287,279.772],[-273.792,251.565],[-275.13,249.325],[-177.889,136.783],[-184.562,114.252],[-185.295,47.821]],"c":true}]},{"i":{"x":0.36,"y":1},"o":{"x":0.587,"y":0},"t":75,"s":[{"i":[[18.676,-20.245],[127.869,-20.273],[16.529,-7.206],[1.742,-29.66],[-25.659,-14.979],[-33.236,8.008],[-28.045,10.803],[-0.146,1.207],[-18.894,26.065],[1.261,7.648],[-0.928,21.945]],"o":[[-34.904,37.836],[-17.809,2.824],[-27.236,11.874],[-1.742,29.66],[29.524,17.236],[29.198,-7.035],[-0.856,-0.289],[3.743,-30.883],[-3.186,-7.194],[-3.593,-21.785],[0.905,-21.398]],"v":[[-252.155,-79.013],[-398.457,115.568],[-450.646,129.504],[-499.11,198.969],[-459.109,273.628],[-359.287,279.772],[-273.792,251.565],[-275.13,249.325],[-177.889,136.783],[-184.562,114.252],[-185.295,47.82]],"c":true}]},{"i":{"x":0.36,"y":1},"o":{"x":0.587,"y":0},"t":100,"s":[{"i":[[11.436,-25.057],[127.869,-20.273],[16.529,-7.206],[1.742,-29.66],[-25.659,-14.979],[-33.236,8.008],[-28.045,10.803],[-0.146,1.207],[-18.894,26.066],[1.261,7.647],[-0.928,21.945]],"o":[[-14.315,31.365],[-17.809,2.824],[-27.236,11.874],[-1.742,29.66],[29.524,17.236],[29.198,-7.035],[-0.856,-0.289],[3.743,-30.883],[-3.186,-7.194],[-3.593,-21.785],[0.905,-21.398]],"v":[[-295.096,-46.66],[-398.457,115.568],[-450.646,129.504],[-499.11,198.969],[-459.109,273.628],[-359.287,279.772],[-273.792,251.565],[-275.13,249.325],[-177.889,136.783],[-184.562,114.252],[-185.295,47.821]],"c":true}]},{"i":{"x":0.36,"y":1},"o":{"x":0.587,"y":0},"t":125,"s":[{"i":[[18.676,-20.245],[127.869,-20.273],[16.529,-7.206],[1.742,-29.66],[-25.659,-14.979],[-33.236,8.008],[-28.045,10.803],[-0.146,1.207],[-18.894,26.065],[1.261,7.648],[-0.928,21.945]],"o":[[-34.904,37.836],[-17.809,2.824],[-27.236,11.874],[-1.742,29.66],[29.524,17.236],[29.198,-7.035],[-0.856,-0.289],[3.743,-30.883],[-3.186,-7.194],[-3.593,-21.785],[0.905,-21.398]],"v":[[-252.155,-79.013],[-398.457,115.568],[-450.646,129.504],[-499.11,198.969],[-459.109,273.628],[-359.287,279.772],[-273.792,251.565],[-275.13,249.325],[-177.889,136.783],[-184.562,114.252],[-185.295,47.82]],"c":true}]},{"t":150,"s":[{"i":[[11.436,-25.057],[127.869,-20.273],[16.529,-7.206],[1.742,-29.66],[-25.659,-14.979],[-33.236,8.008],[-28.045,10.803],[-0.146,1.207],[-18.894,26.066],[1.261,7.647],[-0.928,21.945]],"o":[[-14.315,31.365],[-17.809,2.824],[-27.236,11.874],[-1.742,29.66],[29.524,17.236],[29.198,-7.035],[-0.856,-0.289],[3.743,-30.883],[-3.186,-7.194],[-3.593,-21.785],[0.905,-21.398]],"v":[[-295.096,-46.66],[-398.457,115.568],[-450.646,129.504],[-499.11,198.969],[-459.109,273.628],[-359.287,279.772],[-273.792,251.565],[-275.13,249.325],[-177.889,136.783],[-184.562,114.252],[-185.295,47.821]],"c":true}]}],"ix":2},"nm":"Path 2","mn":"ADBE Vector Shape - Group","hd":false},{"ty":"fl","c":{"a":0,"k":[0.925490255917,0.635294117647,0.074509803922,1],"ix":4},"o":{"a":0,"k":100,"ix":5},"r":1,"bm":0,"nm":"Fill 1","mn":"ADBE Vector Graphic - Fill","hd":false},{"ty":"tr","p":{"a":0,"k":[0,0],"ix":2},"a":{"a":0,"k":[0,0],"ix":1},"s":{"a":0,"k":[100,100],"ix":3},"r":{"a":0,"k":0,"ix":6},"o":{"a":0,"k":100,"ix":7},"sk":{"a":0,"k":0,"ix":4},"sa":{"a":0,"k":0,"ix":5},"nm":"Transform"}],"nm":"Group 1","np":2,"cix":2,"bm":0,"ix":1,"mn":"ADBE Vector Group","hd":false}],"ip":0,"op":500,"st":0,"bm":0},{"ddd":0,"ind":26,"ty":4,"nm":"woman body 2","sr":1,"ks":{"o":{"a":0,"k":100,"ix":11},"r":{"a":0,"k":0,"ix":10},"p":{"a":0,"k":[800,600,0],"ix":2},"a":{"a":0,"k":[0,0,0],"ix":1},"s":{"a":0,"k":[85,85,100],"ix":6}},"ao":0,"shapes":[{"ty":"gr","it":[{"ind":0,"ty":"sh","ix":1,"ks":{"a":0,"k":{"i":[[0,0],[0,0],[-7.764,0],[0,0],[0,0],[0,0],[0,0]],"o":[[0,0],[5.375,5.602],[0,0],[0,0],[0,0],[0,0],[0,0]],"v":[[-17.631,121.727],[66.956,209.889],[87.524,218.658],[118.037,218.658],[118.037,372.806],[81.37,372.806],[-15.296,147.325]],"c":true},"ix":2},"nm":"Path 1","mn":"ADBE Vector Shape - Group","hd":false},{"ty":"fl","c":{"a":0,"k":[0.323075717103,0.391493853401,0.81568627451,1],"ix":4},"o":{"a":0,"k":100,"ix":5},"r":1,"bm":0,"nm":"Fill 1","mn":"ADBE Vector Graphic - Fill","hd":false},{"ty":"tr","p":{"a":0,"k":[0,0],"ix":2},"a":{"a":0,"k":[0,0],"ix":1},"s":{"a":0,"k":[100,100],"ix":3},"r":{"a":0,"k":0,"ix":6},"o":{"a":0,"k":100,"ix":7},"sk":{"a":0,"k":0,"ix":4},"sa":{"a":0,"k":0,"ix":5},"nm":"Transform"}],"nm":"Group 1","np":2,"cix":2,"bm":0,"ix":1,"mn":"ADBE Vector Group","hd":false}],"ip":0,"op":500,"st":0,"bm":0},{"ddd":0,"ind":27,"ty":4,"nm":"foot 2","sr":1,"ks":{"o":{"a":0,"k":100,"ix":11},"r":{"a":1,"k":[{"i":{"x":[0.258],"y":[1]},"o":{"x":[0.585],"y":[0]},"t":0,"s":[0]},{"i":{"x":[0.258],"y":[1]},"o":{"x":[0.585],"y":[0]},"t":25,"s":[40]},{"i":{"x":[0.258],"y":[1]},"o":{"x":[0.585],"y":[0]},"t":50,"s":[0]},{"i":{"x":[0.258],"y":[1]},"o":{"x":[0.585],"y":[0]},"t":75,"s":[40]},{"i":{"x":[0.258],"y":[1]},"o":{"x":[0.585],"y":[0]},"t":100,"s":[0]},{"i":{"x":[0.258],"y":[1]},"o":{"x":[0.585],"y":[0]},"t":125,"s":[40]},{"t":150,"s":[0]}],"ix":10},"p":{"a":0,"k":[1267,884,0],"ix":2},"a":{"a":0,"k":[549.412,334.118,0],"ix":1},"s":{"a":0,"k":[85,85,100],"ix":6}},"ao":0,"shapes":[{"ty":"gr","it":[{"ind":0,"ty":"sh","ix":1,"ks":{"a":0,"k":{"i":[[0,0],[7.498,44.605],[1.211,45.215],[0,0],[-9.212,-24.343],[-20.769,-44.65],[-14.614,-41.146],[13.92,-7.389],[13.974,8.349]],"o":[[-24.89,-37.767],[-7.498,-44.605],[0,0],[13.025,22.535],[17.429,46.057],[18.411,39.581],[5.275,14.851],[-11.484,6.096],[-39.704,-23.72]],"v":[[444.554,255.81],[400.949,123.355],[390.977,-11.853],[438.953,-12.675],[471.232,57.829],[533.439,191.767],[582.333,313.202],[567.233,351.902],[524.41,354.309]],"c":true},"ix":2},"nm":"Path 1","mn":"ADBE Vector Shape - Group","hd":false},{"ty":"fl","c":{"a":0,"k":[0.952941236309,0.423529441684,0.360784313725,1],"ix":4},"o":{"a":0,"k":100,"ix":5},"r":1,"bm":0,"nm":"Fill 1","mn":"ADBE Vector Graphic - Fill","hd":false},{"ty":"tr","p":{"a":0,"k":[0,0],"ix":2},"a":{"a":0,"k":[0,0],"ix":1},"s":{"a":0,"k":[100,100],"ix":3},"r":{"a":0,"k":0,"ix":6},"o":{"a":0,"k":100,"ix":7},"sk":{"a":0,"k":0,"ix":4},"sa":{"a":0,"k":0,"ix":5},"nm":"Transform"}],"nm":"Group 1","np":2,"cix":2,"bm":0,"ix":1,"mn":"ADBE Vector Group","hd":false}],"ip":0,"op":500,"st":0,"bm":0},{"ddd":0,"ind":29,"ty":4,"nm":"foot","sr":1,"ks":{"o":{"a":0,"k":100,"ix":11},"r":{"a":0,"k":0,"ix":10},"p":{"a":0,"k":[800,600,0],"ix":2},"a":{"a":0,"k":[0,0,0],"ix":1},"s":{"a":0,"k":[85,85,100],"ix":6}},"ao":0,"shapes":[{"ty":"gr","it":[{"ind":0,"ty":"sh","ix":1,"ks":{"a":0,"k":{"i":[[-0.547,3.553],[-42.329,-1.813],[-31.092,-28.78],[-7.125,0.549],[0,0],[-14.614,-41.146],[74.414,-8.426],[0.099,0.607],[0,0],[4.114,26.884],[-0.706,17.19]],"o":[[33.44,-26.016],[42.329,1.813],[5.245,4.855],[0,0],[101.444,4.793],[5.275,14.851],[-10.049,1.138],[-0.099,-0.607],[2.249,-27.104],[-2.602,-17.007],[0.148,-3.592]],"v":[[103.806,229.487],[222.398,191.606],[337.315,239.491],[355.704,249.325],[450.321,250.501],[582.333,313.202],[529.115,367.25],[424.771,374.534],[110.702,373.325],[106.882,289.941],[101.107,238.748]],"c":true},"ix":2},"nm":"Path 1","mn":"ADBE Vector Shape - Group","hd":false},{"ty":"fl","c":{"a":0,"k":[0.952941236309,0.423529441684,0.360784313725,1],"ix":4},"o":{"a":0,"k":100,"ix":5},"r":1,"bm":0,"nm":"Fill 1","mn":"ADBE Vector Graphic - Fill","hd":false},{"ty":"tr","p":{"a":0,"k":[0,0],"ix":2},"a":{"a":0,"k":[0,0],"ix":1},"s":{"a":0,"k":[100,100],"ix":3},"r":{"a":0,"k":0,"ix":6},"o":{"a":0,"k":100,"ix":7},"sk":{"a":0,"k":0,"ix":4},"sa":{"a":0,"k":0,"ix":5},"nm":"Transform"}],"nm":"Group 1","np":2,"cix":2,"bm":0,"ix":1,"mn":"ADBE Vector Group","hd":false}],"ip":0,"op":500,"st":0,"bm":0},{"ddd":0,"ind":30,"ty":4,"nm":"woman 4","parent":27,"sr":1,"ks":{"o":{"a":0,"k":100,"ix":11},"r":{"a":1,"k":[{"i":{"x":[0.258],"y":[1]},"o":{"x":[0.585],"y":[0]},"t":0,"s":[-10]},{"i":{"x":[0.258],"y":[1]},"o":{"x":[0.585],"y":[0]},"t":25,"s":[10]},{"i":{"x":[0.258],"y":[1]},"o":{"x":[0.585],"y":[0]},"t":50,"s":[-10]},{"i":{"x":[0.258],"y":[1]},"o":{"x":[0.585],"y":[0]},"t":75,"s":[10]},{"i":{"x":[0.258],"y":[1]},"o":{"x":[0.585],"y":[0]},"t":100,"s":[-10]},{"i":{"x":[0.258],"y":[1]},"o":{"x":[0.585],"y":[0]},"t":125,"s":[10]},{"t":150,"s":[-10]}],"ix":10},"p":{"a":0,"k":[405.882,-58.824,0],"ix":2},"a":{"a":0,"k":[405.882,-58.824,0],"ix":1},"s":{"a":0,"k":[100,100,100],"ix":6}},"ao":0,"shapes":[{"ty":"gr","it":[{"ind":0,"ty":"sh","ix":1,"ks":{"a":0,"k":{"i":[[10,-6.471],[15.294,-29.412],[0,0],[-15.669,40.247]],"o":[[-25.294,35.882],[-3.695,8.051],[8.296,0.922],[15.126,-38.854]],"v":[[437.059,-148.235],[388.235,-70.882],[387.647,-44.706],[434.118,-107.647]],"c":true},"ix":2},"nm":"Path 1","mn":"ADBE Vector Shape - Group","hd":false},{"ty":"fl","c":{"a":0,"k":[0.980392216701,0.878431432387,0.745098039216,1],"ix":4},"o":{"a":0,"k":100,"ix":5},"r":1,"bm":0,"nm":"Fill 1","mn":"ADBE Vector Graphic - Fill","hd":false},{"ty":"tr","p":{"a":0,"k":[0,0],"ix":2},"a":{"a":0,"k":[0,0],"ix":1},"s":{"a":0,"k":[100,100],"ix":3},"r":{"a":0,"k":0,"ix":6},"o":{"a":0,"k":100,"ix":7},"sk":{"a":0,"k":0,"ix":4},"sa":{"a":0,"k":0,"ix":5},"nm":"Transform"}],"nm":"Group 2","np":2,"cix":2,"bm":0,"ix":1,"mn":"ADBE Vector Group","hd":false},{"ty":"gr","it":[{"ind":0,"ty":"sh","ix":1,"ks":{"a":0,"k":{"i":[[-0.09,12.719],[-5.932,9.222],[-6.281,8.987],[-13.99,13.146],[-3.991,0.682],[-1.292,-3.837],[0.518,-2.307],[27.434,-35.499]],"o":[[0.077,-10.964],[5.932,-9.222],[10.997,-15.735],[2.951,-2.773],[3.991,-0.682],[0.755,2.241],[-9.834,43.774],[-13.371,17.302]],"v":[[372.609,-75.938],[383.23,-106.604],[402.727,-133.086],[435.775,-180.056],[446.094,-186.12],[456.054,-181.1],[455.804,-174.105],[398.996,-53.267]],"c":true},"ix":2},"nm":"Path 1","mn":"ADBE Vector Shape - Group","hd":false},{"ty":"fl","c":{"a":0,"k":[0.021776236594,0.116139933467,0.22865049541,1],"ix":4},"o":{"a":0,"k":100,"ix":5},"r":1,"bm":0,"nm":"Fill 1","mn":"ADBE Vector Graphic - Fill","hd":false},{"ty":"tr","p":{"a":0,"k":[0,0],"ix":2},"a":{"a":0,"k":[0,0],"ix":1},"s":{"a":0,"k":[100,100],"ix":3},"r":{"a":0,"k":0,"ix":6},"o":{"a":0,"k":100,"ix":7},"sk":{"a":0,"k":0,"ix":4},"sa":{"a":0,"k":0,"ix":5},"nm":"Transform"}],"nm":"Group 1","np":2,"cix":2,"bm":0,"ix":2,"mn":"ADBE Vector Group","hd":false}],"ip":0,"op":500,"st":0,"bm":0},{"ddd":0,"ind":31,"ty":4,"nm":"woman 5","parent":27,"sr":1,"ks":{"o":{"a":0,"k":100,"ix":11},"r":{"a":0,"k":0,"ix":10},"p":{"a":0,"k":[0,0,0],"ix":2},"a":{"a":0,"k":[0,0,0],"ix":1},"s":{"a":0,"k":[100,100,100],"ix":6}},"ao":0,"shapes":[{"ty":"gr","it":[{"ind":0,"ty":"sh","ix":1,"ks":{"a":0,"k":{"i":[[0,0],[0,0],[-15.555,7.102],[0,0],[-3.33,-11.933],[0,0]],"o":[[0,0],[0,0],[13.857,-9.957],[3.888,26.857],[0,0],[0,0]],"v":[[399.37,-0.008],[383.37,-54.675],[397.32,-90.631],[417.288,-87.445],[427.785,-39.134],[438.704,-0.008]],"c":true},"ix":2},"nm":"Path 1","mn":"ADBE Vector Shape - Group","hd":false},{"ty":"fl","c":{"a":0,"k":[0.980392216701,0.878431432387,0.745098039216,1],"ix":4},"o":{"a":0,"k":100,"ix":5},"r":1,"bm":0,"nm":"Fill 1","mn":"ADBE Vector Graphic - Fill","hd":false},{"ty":"tr","p":{"a":0,"k":[0,0],"ix":2},"a":{"a":0,"k":[0,0],"ix":1},"s":{"a":0,"k":[100,100],"ix":3},"r":{"a":0,"k":0,"ix":6},"o":{"a":0,"k":100,"ix":7},"sk":{"a":0,"k":0,"ix":4},"sa":{"a":0,"k":0,"ix":5},"nm":"Transform"}],"nm":"Group 1","np":2,"cix":2,"bm":0,"ix":1,"mn":"ADBE Vector Group","hd":false}],"ip":0,"op":500,"st":0,"bm":0},{"ddd":0,"ind":32,"ty":4,"nm":"woman 6","sr":1,"ks":{"o":{"a":0,"k":100,"ix":11},"r":{"a":1,"k":[{"i":{"x":[0.258],"y":[1]},"o":{"x":[0.585],"y":[0]},"t":0,"s":[35]},{"i":{"x":[0.258],"y":[1]},"o":{"x":[0.585],"y":[0]},"t":25,"s":[0]},{"i":{"x":[0.258],"y":[1]},"o":{"x":[0.585],"y":[0]},"t":50,"s":[35]},{"i":{"x":[0.258],"y":[1]},"o":{"x":[0.585],"y":[0]},"t":75,"s":[0]},{"i":{"x":[0.258],"y":[1]},"o":{"x":[0.585],"y":[0]},"t":100,"s":[35]},{"i":{"x":[0.258],"y":[1]},"o":{"x":[0.585],"y":[0]},"t":125,"s":[0]},{"t":150,"s":[35]}],"ix":10},"p":{"a":0,"k":[1175,840,0],"ix":2},"a":{"a":0,"k":[441.176,282.353,0],"ix":1},"s":{"a":0,"k":[85,85,100],"ix":6}},"ao":0,"shapes":[{"ty":"gr","it":[{"ind":0,"ty":"sh","ix":1,"ks":{"a":0,"k":{"i":[[30,203.423],[0,0],[0,0],[0,0],[0,0]],"o":[[0,0],[0,0],[0,0],[0,0],[0,0]],"v":[[308.704,11.748],[353.704,11.748],[414.704,130.325],[497.704,286.201],[403.204,276.325]],"c":true},"ix":2},"nm":"Path 1","mn":"ADBE Vector Shape - Group","hd":false},{"ty":"fl","c":{"a":0,"k":[0.764705896378,0.284791141748,0.227912336588,1],"ix":4},"o":{"a":0,"k":100,"ix":5},"r":1,"bm":0,"nm":"Fill 1","mn":"ADBE Vector Graphic - Fill","hd":false},{"ty":"tr","p":{"a":0,"k":[0,0],"ix":2},"a":{"a":0,"k":[0,0],"ix":1},"s":{"a":0,"k":[100,100],"ix":3},"r":{"a":0,"k":0,"ix":6},"o":{"a":0,"k":100,"ix":7},"sk":{"a":0,"k":0,"ix":4},"sa":{"a":0,"k":0,"ix":5},"nm":"Transform"}],"nm":"Group 1","np":2,"cix":2,"bm":0,"ix":1,"mn":"ADBE Vector Group","hd":false}],"ip":0,"op":500,"st":0,"bm":0},{"ddd":0,"ind":33,"ty":4,"nm":"woman 24","parent":35,"sr":1,"ks":{"o":{"a":0,"k":100,"ix":11},"r":{"a":0,"k":0,"ix":10},"p":{"a":0,"k":[0,0,0],"ix":2},"a":{"a":0,"k":[0,0,0],"ix":1},"s":{"a":0,"k":[100,100,100],"ix":6}},"ao":0,"shapes":[{"ty":"gr","it":[{"ind":0,"ty":"sh","ix":1,"ks":{"a":0,"k":{"i":[[0.058,1.282],[-8.783,22.326],[-2.743,-0.284],[0,0],[1.073,-4.616],[0,0],[9.95,-2.984]],"o":[[-0.472,-10.519],[1.201,-3.053],[0,0],[3.911,0.405],[0,0],[-0.294,1.264],[-9.923,2.975]],"v":[[312.237,-9.187],[351.647,-101.596],[358.245,-106.226],[358.245,-106.226],[363.64,-96.682],[345.852,-22.222],[331.1,-4.446]],"c":true},"ix":2},"nm":"Path 1","mn":"ADBE Vector Shape - Group","hd":false},{"ty":"fl","c":{"a":0,"k":[0.980392216701,0.878431432387,0.745098039216,1],"ix":4},"o":{"a":0,"k":100,"ix":5},"r":1,"bm":0,"nm":"Fill 1","mn":"ADBE Vector Graphic - Fill","hd":false},{"ty":"tr","p":{"a":0,"k":[0,0],"ix":2},"a":{"a":0,"k":[0,0],"ix":1},"s":{"a":0,"k":[100,100],"ix":3},"r":{"a":0,"k":0,"ix":6},"o":{"a":0,"k":100,"ix":7},"sk":{"a":0,"k":0,"ix":4},"sa":{"a":0,"k":0,"ix":5},"nm":"Transform"}],"nm":"Group 1","np":2,"cix":2,"bm":0,"ix":1,"mn":"ADBE Vector Group","hd":false}],"ip":0,"op":500,"st":0,"bm":0},{"ddd":0,"ind":34,"ty":4,"nm":"woman 3","parent":32,"sr":1,"ks":{"o":{"a":0,"k":100,"ix":11},"r":{"a":0,"k":0,"ix":10},"p":{"a":0,"k":[0,0,0],"ix":2},"a":{"a":0,"k":[0,0,0],"ix":1},"s":{"a":0,"k":[100,100,100],"ix":6}},"ao":0,"shapes":[{"ty":"gr","it":[{"ind":0,"ty":"sh","ix":1,"ks":{"a":0,"k":{"i":[[0,0],[-0.255,2.463],[-11.773,9.912],[0,0],[-0.284,-2.661],[0,0]],"o":[[-0.544,-3.257],[0.106,-1.025],[13.936,-11.733],[-0.61,2.623],[0,0],[0,0]],"v":[[317.281,27.255],[312.237,-9.187],[324.126,-36.383],[345.852,-22.222],[345.359,-14.214],[350.15,30.661]],"c":true},"ix":2},"nm":"Path 1","mn":"ADBE Vector Shape - Group","hd":false},{"ty":"fl","c":{"a":0,"k":[0.980392216701,0.878431432387,0.745098039216,1],"ix":4},"o":{"a":0,"k":100,"ix":5},"r":1,"bm":0,"nm":"Fill 1","mn":"ADBE Vector Graphic - Fill","hd":false},{"ty":"tr","p":{"a":0,"k":[0,0],"ix":2},"a":{"a":0,"k":[0,0],"ix":1},"s":{"a":0,"k":[100,100],"ix":3},"r":{"a":0,"k":0,"ix":6},"o":{"a":0,"k":100,"ix":7},"sk":{"a":0,"k":0,"ix":4},"sa":{"a":0,"k":0,"ix":5},"nm":"Transform"}],"nm":"Group 1","np":2,"cix":2,"bm":0,"ix":1,"mn":"ADBE Vector Group","hd":false}],"ip":0,"op":500,"st":0,"bm":0},{"ddd":0,"ind":35,"ty":4,"nm":"woman 2","parent":32,"sr":1,"ks":{"o":{"a":0,"k":100,"ix":11},"r":{"a":1,"k":[{"i":{"x":[0.258],"y":[1]},"o":{"x":[0.585],"y":[0]},"t":0,"s":[15]},{"i":{"x":[0.258],"y":[1]},"o":{"x":[0.585],"y":[0]},"t":25,"s":[-6]},{"i":{"x":[0.258],"y":[1]},"o":{"x":[0.585],"y":[0]},"t":50,"s":[15]},{"i":{"x":[0.258],"y":[1]},"o":{"x":[0.585],"y":[0]},"t":75,"s":[-6]},{"i":{"x":[0.258],"y":[1]},"o":{"x":[0.585],"y":[0]},"t":100,"s":[15]},{"i":{"x":[0.258],"y":[1]},"o":{"x":[0.585],"y":[0]},"t":125,"s":[-6]},{"t":150,"s":[15]}],"ix":10},"p":{"a":0,"k":[329.412,-4.706,0],"ix":2},"a":{"a":0,"k":[329.412,-4.706,0],"ix":1},"s":{"a":0,"k":[100,100,100],"ix":6}},"ao":0,"shapes":[{"ty":"gr","it":[{"ind":0,"ty":"sh","ix":1,"ks":{"a":0,"k":{"i":[[0.48,2.192],[-3.637,8.975],[-6.674,15.614],[-11.82,13.501],[-2.061,0.909],[-1.671,-1.511],[-0.359,-1.635],[3.618,-15.053],[4.781,-15.902],[10.803,-8.323],[5.67,12.463]],"o":[[-2.04,-9.322],[6.392,-15.775],[7.053,-16.5],[1.484,-1.695],[2.061,-0.909],[1.241,1.122],[3.408,15.532],[-3.881,16.145],[-3.844,12.784],[-8.749,6.74],[-0.943,-2.073]],"v":[[302.499,-14.178],[305.989,-42.635],[329.412,-87.647],[355.525,-134.45],[360.68,-138.733],[367.037,-138.102],[369.148,-133.639],[363.666,-86.467],[350.67,-38.383],[331.218,-5.878],[304.619,-7.768]],"c":true},"ix":2},"nm":"Path 1","mn":"ADBE Vector Shape - Group","hd":false},{"ty":"fl","c":{"a":0,"k":[0.021776236594,0.116139933467,0.22865049541,1],"ix":4},"o":{"a":0,"k":100,"ix":5},"r":1,"bm":0,"nm":"Fill 1","mn":"ADBE Vector Graphic - Fill","hd":false},{"ty":"tr","p":{"a":0,"k":[0,0],"ix":2},"a":{"a":0,"k":[0,0],"ix":1},"s":{"a":0,"k":[100,100],"ix":3},"r":{"a":0,"k":0,"ix":6},"o":{"a":0,"k":100,"ix":7},"sk":{"a":0,"k":0,"ix":4},"sa":{"a":0,"k":0,"ix":5},"nm":"Transform"}],"nm":"Group 1","np":2,"cix":2,"bm":0,"ix":1,"mn":"ADBE Vector Group","hd":false}],"ip":0,"op":500,"st":0,"bm":0},{"ddd":0,"ind":36,"ty":4,"nm":"woman","sr":1,"ks":{"o":{"a":0,"k":10,"ix":11},"r":{"a":0,"k":0,"ix":10},"p":{"a":0,"k":[800,600,0],"ix":2},"a":{"a":0,"k":[0,0,0],"ix":1},"s":{"a":0,"k":[85,85,100],"ix":6}},"ao":0,"shapes":[],"ip":0,"op":500,"st":0,"bm":0}]}],"layers":[{"ddd":0,"ind":1,"ty":0,"nm":"Woman3","refId":"comp_0","sr":1,"ks":{"o":{"a":0,"k":100,"ix":11},"r":{"a":0,"k":0,"ix":10},"p":{"a":0,"k":[591,129,0],"ix":2},"a":{"a":0,"k":[800,600,0],"ix":1},"s":{"a":0,"k":[-73,73,100],"ix":6}},"ao":0,"w":1600,"h":1200,"ip":0,"op":150.833333333333,"st":0,"bm":0},{"ddd":0,"ind":2,"ty":4,"nm":"Ecommerce_illustration_8","sr":1,"ks":{"o":{"a":0,"k":100,"ix":11},"r":{"a":0,"k":0,"ix":10},"p":{"a":0,"k":[604,-60,0],"ix":2},"a":{"a":0,"k":[0,0,0],"ix":1},"s":{"a":0,"k":[163.864,190,100],"ix":6}},"ao":0,"shapes":[{"ty":"gr","it":[{"ind":0,"ty":"sh","ix":1,"ks":{"a":0,"k":{"i":[[-10.764,1.116],[4.366,-0.035],[0,0],[0,0],[-123.287,-4],[-88.678,-22.817],[-51.316,5.346],[75.989,9.697],[-21.399,3.803]],"o":[[4.458,-0.462],[-76.495,0.607],[0,0],[0,0],[123.287,4],[100.633,25.893],[62.964,-6.56],[-18.549,-2.367],[2.348,-0.417]],"v":[[240.257,220.988],[247.215,218.061],[-105.133,218.702],[-365.913,216.436],[-265.134,242.709],[-50.931,253.404],[257.036,258.283],[235.803,236.709],[220.803,223.04]],"c":true},"ix":2},"nm":"Path 1","mn":"ADBE Vector Shape - Group","hd":false},{"ty":"fl","c":{"a":0,"k":[0.941176530427,0.964705942191,1,1],"ix":4},"o":{"a":0,"k":100,"ix":5},"r":1,"bm":0,"nm":"Fill 1","mn":"ADBE Vector Graphic - Fill","hd":false},{"ty":"tr","p":{"a":0,"k":[0,0],"ix":2},"a":{"a":0,"k":[0,0],"ix":1},"s":{"a":0,"k":[100,100],"ix":3},"r":{"a":0,"k":0,"ix":6},"o":{"a":0,"k":100,"ix":7},"sk":{"a":0,"k":0,"ix":4},"sa":{"a":0,"k":0,"ix":5},"nm":"Transform"}],"nm":"Group 1","np":2,"cix":2,"bm":0,"ix":1,"mn":"ADBE Vector Group","hd":false}],"ip":0,"op":250,"st":0,"bm":0}],"markers":[]}